claim_id,policy_id,claim_date,claim_status,cause,reported_by,estimated_amount,amount_paid,currency
20001,10747,2023-09-07,En instruction,Hospitalisation,Police,10882.8,5042.51,XOF
20002,10720,16/02/2025,En instruction,Hospitalisation,Assuré,5915.49,6005.02,XOF
20003,10309,2023-01-17,Ouvert,Bris de glace,assure,8291.58,0.0,XOF
20004,10050,2023-12-05,En instruction,Hospitalisation,Assuré,22533.57,1284.8,XOF
20005,10133,2025-01-18,Ouvert,Incendie,Assuré,9441.59,6658.0,EUR
20006,10601,14/02/2023,ouvert,Collision,Police,8409.77,9143.78,XOF
20007,10024,2024-09-14,Rejeté,Tempête,Tiers,2730.16,474.74,XOF
20008,10115,2024-08-11,Ouvert,Vol,assure,14720.6,3022.73,XOF
20009,10835,2025-08-28,ouvert,Vol,Assuré,13580.46,4410.98,XOF
20010,10766,24/07/2024,Clôturé,Incendie,Assuré,45734.3,14162.43,XOF
20011,10646,2024-07-28,ouvert,Maladie,Police,6334.57,0.0,EUR
20012,10860,15/05/2025,Clôturé,Maladie,Police,9655.86,3506.9,XOF
20013,10632,21/05/2024,En instruction,Hospitalisation,Assuré,9892.25,0.0,EUR
20014,1010860,2023-05-23,ouvert,Vol,assure,28622.91,13320.04,XOF
20015,10416,17/01/2023,Rejeté,Maladie,Assuré,7508.29,0.0,XOF
20016,10204,28/11/2024,Payé,Tempête,Assuré,10129.6,0.0,XOF
20017,10056,2023-12-22,Rejeté,Incendie,Police,13178.17,8292.89,XOF
20018,10335,2023-11-11,ouvert,Maladie,Police,9407.73,2745.96,EUR
20019,10832,2023-11-24,ouvert,Tempête,Assuré,5669.48,6158.56,XOF
20020,10753,2023-03-23,Payé,Dégâts des eaux,assure,9464.2,9706.92,EUR
20021,10440,2023-12-05,ouvert,Tempête,Tiers,19127.94,2589.17,XOF
20022,10573,16/04/2024,En instruction,Bris de glace,assure,3564.53,3743.93,XOF
20023,10821,18/01/2025,ouvert,Incendie,Police,9012.57,0.0,XOF
20024,10618,04/01/2024,ouvert,Tempête,Police,4628.11,1231.47,XOF
20025,10137,04/08/2023,Clôturé,Vol,Tiers,21079.1,19955.0,XOF
20026,10168,15/04/2025,Rejeté,Vol,assure,2395.75,2118.52,XOF
20027,10243,2024-09-28,ouvert,Vol,Assuré,5181.57,908.84,EUR
20028,10703,06/07/2023,Ouvert,Hospitalisation,Police,10957.39,0.0,XOF
20029,10818,2023-06-29,ouvert,Incendie,Police,28351.05,9147.99,XOF
20030,10010,2025-03-29,Rejeté,Maladie,Police,7687.88,2802.53,XOF
20031,10059,25/07/2025,En instruction,Bris de glace,Assuré,5197.02,1849.97,EUR
20032,10734,02/05/2025,En instruction,Hospitalisation,Police,36494.82,11414.87,XOF
20033,10505,05/04/2024,Payé,Hospitalisation,Tiers,2544.24,611.07,XOF
20034,10029,05/08/2025,Payé,Collision,Tiers,1395.43,5.29,EUR
20035,10174,30/09/2024,ouvert,Tempête,Tiers,11521.98,3855.93,EUR
20036,10136,2025-07-08,Rejeté,Vol,assure,5422.74,110.37,EUR
20037,10142,16/01/2024,Ouvert,Bris de glace,assure,3579.63,9.53,XOF
20038,10521,2024-11-09,Payé,Incendie,Tiers,14281.0,9964.17,XOF
20039,10274,19/11/2023,Clôturé,Tempête,Tiers,9848.17,6994.74,XOF
20040,10613,2025-03-19,Ouvert,Maladie,Tiers,,0.0,EUR
20041,10289,2024-09-03,Rejeté,Bris de glace,Police,2909.56,2118.23,XOF
20042,10228,27/08/2024,ouvert,Incendie,Tiers,16284.45,6824.92,XOF
20043,10576,13/08/2025,ouvert,Tempête,assure,13631.8,3770.91,XOF
20044,10897,2023-06-17,Payé,Dégâts des eaux,Police,7485.02,0.0,XOF
20045,10653,2023-06-15,Ouvert,Vol,Police,35500.77,27926.53,EUR
20046,10539,2024-10-20,Ouvert,Hospitalisation,Assuré,3442.43,1829.26,XOF
20047,10079,2025-01-18,Payé,Dégâts des eaux,assure,2391.27,0.0,EUR
20048,10589,2024-09-05,Clôturé,Hospitalisation,assure,4658.62,4457.48,XOF
20049,10581,04/03/2025,Clôturé,Tempête,Police,7812.9,1656.94,EUR
20050,10824,03/05/2023,Payé,Incendie,assure,9844.53,0.0,EUR
20051,10008,2023-04-12,Rejeté,Maladie,assure,6680.92,2618.66,XOF
20052,10536,2025-08-27,Ouvert,Vol,Tiers,10739.08,3872.04,XOF
20053,10282,2023-01-06,Clôturé,Hospitalisation,Police,2977.29,0.0,XOF
20054,10059,2024-01-01,Ouvert,Vol,Police,25719.68,0.0,XOF
20055,10883,2023-11-06,Ouvert,Vol,Police,7587.66,6425.41,EUR
20056,10417,2025-07-23,Payé,Collision,Assuré,19807.91,9277.64,EUR
20057,10252,2024-02-23,En instruction,Bris de glace,assure,10659.22,0.0,EUR
20058,10047,27/03/2025,Ouvert,Dégâts des eaux,Assuré,11677.31,9393.86,EUR
20059,10685,2024-08-15,Clôturé,Tempête,assure,12782.26,0.0,XOF
20060,10280,2023-12-11,Clôturé,Dégâts des eaux,Assuré,11593.12,7080.64,XOF
20061,10044,2024-04-20,Rejeté,Collision,Tiers,13550.49,11231.49,XOF
20062,10655,17/08/2023,En instruction,Hospitalisation,Assuré,23466.33,17471.0,XOF
20063,10632,14/09/2023,Rejeté,Vol,Tiers,9482.63,6787.11,XOF
20064,10626,11/05/2025,Ouvert,Tempête,assure,14288.4,7365.79,XOF
20065,10546,23/03/2024,Clôturé,Hospitalisation,Tiers,7541.76,5057.72,XOF
20066,10704,19/06/2024,Clôturé,Maladie,assure,25644.74,5683.21,EUR
20067,10826,18/08/2025,En instruction,Hospitalisation,Assuré,4716.8,2960.3,XOF
20068,10370,2025-01-09,Payé,Dégâts des eaux,Police,34226.39,26972.95,XOF
20069,10455,17/07/2023,ouvert,Incendie,Tiers,7846.9,3314.09,XOF
20070,10832,26/06/2024,Rejeté,Vol,assure,2579.57,2265.0,XOF
20071,10842,15/12/2023,Payé,Vol,Police,8977.56,4091.54,EUR
20072,10743,28/05/2023,En instruction,Vol,Police,4699.25,2448.93,XOF
20073,10848,2024-08-09,Rejeté,Dégâts des eaux,assure,15875.22,0.0,EUR
20074,10064,2024-07-19,Ouvert,Tempête,assure,4807.35,2464.33,XOF
20075,10322,27/07/2023,Payé,Bris de glace,assure,5670.62,482.76,EUR
20076,10362,2024-08-20,Rejeté,Hospitalisation,Police,1787.13,0.0,XOF
20077,10564,04/08/2023,En instruction,Collision,assure,5642.91,3417.03,XOF
20078,10155,01/09/2023,ouvert,Maladie,Assuré,1165.49,873.4,XOF
20079,10827,2024-07-13,ouvert,Incendie,Police,2282.16,0.0,EUR
20080,10028,26/10/2024,Ouvert,Collision,assure,14888.31,115.34,XOF
20081,10225,07/05/2024,En instruction,Dégâts des eaux,assure,15193.76,9852.05,XOF
20082,10623,2025-07-12,Payé,Maladie,assure,227771.6,579.02,EUR
20083,10424,01/06/2025,Rejeté,Maladie,assure,,3000.33,XOF
20084,10499,28/03/2024,Ouvert,Maladie,Tiers,7799.62,871.35,XOF
20085,10044,2024-11-28,En instruction,Incendie,assure,8079.76,2828.89,EUR
20086,10692,2025-06-17,Ouvert,Dégâts des eaux,Tiers,3207.7,1822.73,EUR
20087,10551,2023-08-03,Payé,Collision,Assuré,26976.43,0.0,XOF
20088,10233,2024-10-25,Ouvert,Maladie,assure,16348.47,15300.78,XOF
20089,10796,2024-06-30,Clôturé,Tempête,Assuré,6790.15,5554.48,EUR
20090,10146,2023-08-26,Clôturé,Dégâts des eaux,Tiers,8279.26,2755.41,EUR
20091,10485,2024-08-11,ouvert,Hospitalisation,Tiers,9573.04,260.52,XOF
20092,10068,2024-03-18,Clôturé,Bris de glace,Assuré,1582.26,234.47,XOF
20093,10511,10/01/2024,ouvert,Tempête,Police,6649.24,6707.06,EUR
20094,10403,26/07/2024,Rejeté,Maladie,Tiers,4695.75,1076.34,XOF
20095,10842,2023-08-21,Ouvert,Maladie,Tiers,3636.23,1200.3,XOF
20096,10598,2024-03-19,Rejeté,Hospitalisation,assure,6471.22,170.6,XOF
20097,10399,2023-06-30,ouvert,Incendie,assure,34137.41,12969.3,EUR
20098,1010624,28/04/2023,En instruction,Incendie,Assuré,13530.13,6577.66,XOF
20099,10566,2023-03-15,Rejeté,Tempête,assure,5131.0,5321.21,XOF
20100,10060,2024-12-23,Rejeté,Collision,Police,12811.09,11517.53,XOF
20101,10737,30/05/2025,En instruction,Collision,Police,24821.97,0.0,XOF
20102,10874,2024-10-11,ouvert,Vol,Assuré,16978.57,17421.81,XOF
20103,10194,2024-03-01,Payé,Hospitalisation,Assuré,,4297.5,EUR
20104,10321,03/02/2025,En instruction,Vol,Police,4829.27,1277.64,XOF
20105,10226,03/10/2023,ouvert,Tempête,assure,14165.7,8480.15,XOF
20106,10432,2024-05-14,Clôturé,Incendie,Tiers,11100.98,9040.71,XOF
20107,10312,10/10/2023,En instruction,Bris de glace,Tiers,16583.35,2194.43,XOF
20108,10312,2025-05-21,Ouvert,Incendie,assure,13468.88,5341.03,XOF
20109,10770,2023-05-12,ouvert,Hospitalisation,Tiers,375260.0,1372.19,EUR
20110,10777,2023-06-11,Ouvert,Dégâts des eaux,Assuré,5280.69,2822.87,XOF
20111,10879,2025-03-22,Rejeté,Incendie,Police,23246.63,14002.15,XOF
20112,10801,2023-10-05,Payé,Vol,Police,9490.81,9660.65,XOF
20113,10549,23/08/2023,Rejeté,Maladie,Tiers,42625.53,14098.78,XOF
20114,10757,13/12/2024,En instruction,Maladie,Assuré,4668.76,0.0,EUR
20115,10714,2025-03-11,En instruction,Incendie,Police,32492.71,18799.68,XOF
20116,10009,2023-10-24,Payé,Hospitalisation,assure,9493.18,0.0,XOF
20117,10199,23/02/2023,ouvert,Tempête,Police,4811.99,4257.79,EUR
20118,10212,2024-08-19,En instruction,Hospitalisation,assure,5502.13,0.0,XOF
20119,10175,08/10/2024,Clôturé,Tempête,Assuré,6271.19,0.0,XOF
20120,10688,2024-02-20,Ouvert,Hospitalisation,Assuré,11376.81,4005.68,XOF
20121,10439,2025-04-21,En instruction,Bris de glace,Assuré,12311.25,2680.34,EUR
20122,10055,2023-07-09,Rejeté,Maladie,Assuré,5120.67,0.0,XOF
20123,10851,2023-05-22,En instruction,Collision,assure,7946.73,0.0,EUR
20124,10038,16/04/2023,Ouvert,,assure,44972.94,12669.06,EUR
20125,10256,30/07/2023,Rejeté,Collision,Assuré,32274.56,18436.44,XOF
20126,10238,2025-06-08,Payé,Vol,Assuré,11488.01,1649.0,EUR
20127,10680,26/01/2025,Rejeté,Dégâts des eaux,Police,8353.22,425.95,XOF
20128,10104,17/07/2023,En instruction,Vol,Police,8919.77,1710.28,XOF
20129,10261,10/12/2023,Rejeté,Vol,assure,13237.57,5995.2,XOF
20130,10824,2023-11-02,Payé,Bris de glace,Tiers,3575.16,1683.96,XOF
20131,10056,2025-01-17,ouvert,Tempête,Police,6595.21,6897.48,XOF
20132,10587,17/07/2024,Rejeté,Hospitalisation,Assuré,2132.68,845.77,EUR
20133,10182,28/01/2024,Rejeté,Tempête,assure,11152.05,4959.46,XOF
20134,10379,2025-03-17,Payé,Dégâts des eaux,Assuré,13599.07,9567.48,XOF
20135,10802,14/01/2024,Rejeté,Tempête,Tiers,5505.21,2448.45,EUR
20136,10404,2024-03-20,En instruction,Maladie,Police,28543.64,20940.06,XOF
20137,10208,17/06/2025,Rejeté,Incendie,Tiers,3039.32,2524.08,XOF
20138,10161,18/10/2024,Rejeté,Dégâts des eaux,Police,50223.2,1781.28,XOF
20139,10294,25/02/2024,Payé,Incendie,assure,9696.9,5335.55,XOF
20140,10151,31/10/2023,Payé,Incendie,Tiers,18726.2,12158.2,XOF
20141,10690,2025-08-27,Ouvert,Collision,Police,31167.84,3480.1,EUR
20142,10826,02/08/2023,Ouvert,Dégâts des eaux,assure,5613.29,2343.51,XOF
20143,10568,2025-07-14,Clôturé,Bris de glace,Assuré,19205.36,11744.56,XOF
20144,10126,2023-10-20,Payé,Vol,Tiers,7857.26,1698.0,XOF
20145,10859,2023-05-28,Rejeté,,Police,141157.4,7697.63,EUR
20146,10196,2024-09-04,Ouvert,Bris de glace,assure,16431.05,0.0,XOF
20147,10269,2024-06-01,ouvert,Hospitalisation,Tiers,13654.96,1200.49,EUR
20148,10091,27/09/2024,En instruction,Maladie,Police,2295.91,2499.17,XOF
20149,10034,18/04/2023,Ouvert,Hospitalisation,Police,26402.98,3120.3,XOF
20150,10279,18/01/2025,Rejeté,Dégâts des eaux,Police,24442.36,20471.95,XOF
20151,10682,2024-03-05,Clôturé,Incendie,Tiers,4912.56,3549.18,XOF
20152,10577,12/07/2024,Payé,Tempête,Police,11121.58,3245.64,EUR
20153,10258,19/07/2025,Ouvert,Collision,Tiers,12030.79,1372.74,XOF
20154,10166,2025-07-04,Payé,Incendie,assure,9982.0,1652.76,EUR
20155,10034,2025-02-04,En instruction,Incendie,Police,5217.41,5028.48,EUR
20156,10761,14/08/2025,Rejeté,Bris de glace,Assuré,4734.83,2882.89,XOF
20157,10713,04/05/2024,En instruction,Hospitalisation,Assuré,7939.11,5862.48,XOF
20158,10807,2024-05-07,Ouvert,Bris de glace,Police,20706.09,0.0,EUR
20159,10101,2024-08-19,Payé,Collision,Police,12517.46,12753.35,XOF
20160,10534,2024-07-22,ouvert,Dégâts des eaux,Tiers,6024.01,584.88,XOF
20161,10497,2025-08-14,Payé,Maladie,assure,15023.32,12767.84,EUR
20162,10881,14/03/2024,Ouvert,Tempête,Tiers,829.78,0.0,XOF
20163,10114,04/11/2024,En instruction,Vol,Assuré,20312.92,2728.55,EUR
20164,10899,2023-02-19,En instruction,Maladie,Assuré,2014.71,0.0,XOF
20165,10680,2024-03-19,Rejeté,Maladie,Police,6063.53,1237.57,XOF
20166,1010179,2025-02-14,Rejeté,Tempête,Assuré,3308.55,2691.68,XOF
20167,10478,2024-08-20,Payé,Hospitalisation,Tiers,2876.29,2229.89,XOF
20168,10613,2023-08-15,Payé,Tempête,Tiers,20509.87,690.94,XOF
20169,10412,02/08/2023,Payé,,assure,5573.84,4771.91,XOF
20170,10414,2023-05-17,Ouvert,Tempête,Assuré,10691.49,4252.94,XOF
20171,10085,29/10/2023,Ouvert,Hospitalisation,assure,7804.56,5613.82,XOF
20172,10267,11/02/2023,ouvert,Hospitalisation,assure,11868.38,6683.64,XOF
20173,10061,19/11/2024,Ouvert,Tempête,assure,8616.7,9212.94,XOF
20174,10514,07/01/2025,En instruction,Bris de glace,Police,2903.31,0.0,XOF
20175,10186,2023-06-29,En instruction,Bris de glace,Tiers,17979.97,5615.13,EUR
20176,10606,2024-09-01,Payé,Incendie,Police,5458.86,7.74,XOF
20177,10801,2023-04-15,En instruction,Maladie,assure,2332.59,2401.67,XOF
20178,10169,2025-02-23,Rejeté,Incendie,Tiers,5753.18,3746.78,XOF
20179,10570,11/02/2023,Ouvert,Collision,Tiers,26919.54,13750.43,XOF
20180,10295,2025-07-20,En instruction,Incendie,Tiers,15997.33,16597.94,XOF
20181,10570,24/02/2024,En instruction,Incendie,Police,6130.79,1941.14,EUR
20182,10228,13/02/2025,ouvert,Bris de glace,assure,6127.82,6614.81,EUR
20183,10792,2023-04-29,Rejeté,Bris de glace,assure,6264.74,670.84,EUR
20184,10015,2023-11-23,Clôturé,Dégâts des eaux,Assuré,42676.27,25938.83,XOF
20185,10285,2023-07-11,Clôturé,Collision,Tiers,10998.88,8911.6,XOF
20186,10157,16/06/2024,Payé,Maladie,assure,11430.42,6830.18,XOF
20187,10240,2024-04-08,En instruction,Tempête,assure,18475.98,7545.22,XOF
20188,10229,04/03/2024,En instruction,Maladie,Police,9808.76,745.69,EUR
20189,10525,15/10/2023,ouvert,Hospitalisation,Tiers,6586.43,0.0,EUR
20190,10471,03/03/2025,Clôturé,Dégâts des eaux,Police,6925.19,6548.8,XOF
20191,1010144,11/07/2025,Rejeté,Incendie,assure,7651.97,1789.42,EUR
20192,10316,2023-04-24,Clôturé,Maladie,Tiers,7865.35,2959.01,XOF
20193,10867,2024-08-21,Ouvert,Vol,Tiers,14502.9,6128.78,XOF
20194,10464,2023-03-04,ouvert,Dégâts des eaux,Tiers,8446.92,7088.47,XOF
20195,10228,18/05/2025,Clôturé,Hospitalisation,Police,14561.15,0.0,EUR
20196,10021,22/07/2025,Payé,Vol,Assuré,7596.38,5056.23,XOF
20197,10161,06/09/2024,Payé,Tempête,Police,8629.21,0.0,XOF
20198,10368,01/12/2024,Payé,Collision,assure,1638.34,317.35,XOF
20199,10130,19/04/2025,Clôturé,Vol,Assuré,16866.12,612.56,XOF
20200,10799,18/08/2025,ouvert,Collision,Assuré,10691.36,89.26,XOF
20201,10659,07/09/2023,Clôturé,Collision,Assuré,18005.06,12259.55,XOF
20202,10023,08/07/2023,En instruction,Maladie,assure,798.71,569.35,XOF
20203,10694,2023-10-15,Ouvert,Tempête,Police,43075.07,3032.03,EUR
20204,10293,23/03/2025,Ouvert,Hospitalisation,assure,7246.89,5794.99,XOF
20205,10801,2024-07-01,En instruction,Tempête,Assuré,19664.03,6161.73,XOF
20206,10122,21/09/2024,Ouvert,Tempête,assure,3526.55,2936.31,XOF
20207,10431,2024-12-29,Ouvert,Vol,Assuré,13229.69,850.07,XOF
20208,10164,2024-07-21,Clôturé,Collision,assure,3488.64,0.0,EUR
20209,10817,08/01/2025,Payé,Tempête,assure,4919.61,843.55,XOF
20210,10645,25/04/2025,En instruction,Tempête,Assuré,37467.35,17622.24,XOF
20211,10600,2023-06-09,ouvert,Maladie,assure,6956.66,0.0,XOF
20212,10510,27/03/2023,Ouvert,Collision,Assuré,9642.6,0.0,XOF
20213,10251,09/04/2024,En instruction,Incendie,Police,16253.35,13818.6,XOF
20214,10448,19/12/2023,En instruction,Tempête,Tiers,12046.69,8300.24,XOF
20215,10675,21/07/2024,Rejeté,Bris de glace,Police,9139.26,6866.44,XOF
20216,10101,08/03/2025,ouvert,Hospitalisation,assure,10850.53,10393.48,XOF
20217,10442,31/03/2024,Payé,Vol,Tiers,55422.03,53454.92,XOF
20218,10354,2023-08-14,ouvert,Hospitalisation,Tiers,7738.05,7742.27,XOF
20219,10396,2024-09-20,Clôturé,Hospitalisation,Police,9517.42,4300.03,EUR
20220,10834,2025-04-01,ouvert,Vol,Tiers,,14628.77,XOF
20221,10424,2024-08-15,Clôturé,Maladie,Assuré,19622.28,0.0,EUR
20222,10689,2023-02-25,En instruction,Bris de glace,Tiers,20944.35,17645.77,XOF
20223,10629,27/03/2024,Ouvert,Vol,Assuré,13507.28,3202.06,EUR
20224,10890,12/03/2025,Rejeté,Tempête,assure,3247.35,3218.57,XOF
20225,10878,2024-12-07,Rejeté,Tempête,assure,29933.85,23023.87,EUR
20226,10141,18/01/2024,Payé,Collision,Police,3238.69,0.0,EUR
20227,10626,26/06/2024,En instruction,Bris de glace,assure,10322.78,0.0,XOF
20228,10539,2023-06-09,Ouvert,Hospitalisation,assure,4431.88,4516.58,EUR
20229,10748,31/03/2024,ouvert,Vol,assure,7697.8,0.0,XOF
20230,10116,10/03/2023,ouvert,Dégâts des eaux,Tiers,10540.81,10241.55,XOF
20231,10837,17/09/2023,Payé,Tempête,assure,10478.55,10024.26,XOF
20232,10809,2024-06-05,Payé,Incendie,Police,11356.4,0.0,EUR
20233,10873,10/12/2023,Ouvert,Maladie,assure,29465.31,8206.5,XOF
20234,10733,2025-05-03,Ouvert,Bris de glace,Tiers,11647.27,0.0,XOF
20235,10669,30/06/2025,Payé,Maladie,Assuré,6665.33,567.82,XOF
20236,10050,10/08/2023,Rejeté,Dégâts des eaux,Assuré,17523.0,14143.22,EUR
20237,10063,2023-10-06,Ouvert,Bris de glace,Tiers,20985.28,8046.34,XOF
20238,10650,2024-11-01,Rejeté,Tempête,Tiers,3034.84,0.0,EUR
20239,1010051,2023-07-21,Clôturé,Maladie,assure,13067.98,0.0,EUR
20240,10113,13/05/2024,En instruction,Tempête,Assuré,14199.16,7041.13,XOF
20241,10621,23/06/2024,Payé,Incendie,Assuré,6386.55,4537.14,XOF
20242,10399,2024-03-10,Payé,Tempête,Tiers,24356.78,13861.32,XOF
20243,10730,17/06/2024,ouvert,Maladie,Assuré,7186.47,1574.75,XOF
20244,10550,2023-08-01,Payé,Maladie,assure,8959.42,2518.87,EUR
20245,10559,14/01/2024,Rejeté,Vol,assure,7055.36,7387.25,XOF
20246,10146,07/04/2023,Ouvert,Maladie,Tiers,8204.71,7010.55,XOF
20247,10439,15/07/2024,Ouvert,Vol,Tiers,3371.05,3222.41,XOF
20248,10846,18/04/2024,Rejeté,Maladie,Assuré,2560.5,0.0,XOF
20249,10831,2025-01-26,Rejeté,Hospitalisation,Assuré,29016.04,5253.85,XOF
20250,10005,2025-04-03,En instruction,Collision,assure,4115.15,3703.65,XOF
20251,10230,2024-07-22,Payé,Incendie,Assuré,3666.11,3406.08,XOF
20252,10514,2023-10-27,ouvert,Hospitalisation,Police,,0.0,XOF
20253,10618,04/03/2023,En instruction,Dégâts des eaux,Police,4860.18,0.0,XOF
20254,10692,2023-10-25,ouvert,Tempête,assure,2811.65,2747.81,XOF
20255,10634,2025-05-04,Ouvert,Hospitalisation,Tiers,30140.11,23599.57,XOF
20256,10445,25/12/2023,Clôturé,Hospitalisation,Police,18175.93,8050.11,XOF
20257,10798,30/09/2023,En instruction,Dégâts des eaux,Police,4672.64,0.0,EUR
20258,10389,29/11/2024,En instruction,Incendie,Assuré,49116.42,10604.45,XOF
20259,10250,2024-09-30,ouvert,Bris de glace,assure,17772.59,8966.63,XOF
20260,10117,2023-12-09,Ouvert,Incendie,Assuré,6248.74,4402.82,XOF
20261,10726,28/04/2025,Payé,Maladie,Police,1097.15,505.75,XOF
20262,10865,24/04/2024,En instruction,Maladie,Tiers,50653.02,33312.5,EUR
20263,10731,2023-07-31,Clôturé,Hospitalisation,assure,2666.02,2623.03,EUR
20264,10838,2023-09-16,ouvert,Hospitalisation,Tiers,2172.6,2318.88,EUR
20265,10246,2025-04-11,ouvert,Vol,assure,18362.33,0.0,XOF
20266,10150,08/03/2025,ouvert,Tempête,Police,57056.76,19480.08,EUR
20267,10041,10/04/2025,Ouvert,Hospitalisation,Assuré,24524.26,0.0,EUR
20268,10683,2025-02-03,Rejeté,Bris de glace,Police,12722.5,244.46,XOF
20269,10118,15/02/2024,En instruction,Maladie,assure,13040.35,2910.74,XOF
20270,10223,26/01/2024,Ouvert,Collision,Assuré,16038.26,13454.33,XOF
20271,10539,20/04/2025,ouvert,Collision,Tiers,14870.62,3840.72,EUR
20272,10545,15/02/2023,Rejeté,Dégâts des eaux,Assuré,10147.2,0.0,EUR
20273,10539,23/08/2025,Ouvert,Dégâts des eaux,Police,8807.52,1741.08,EUR
20274,10428,10/03/2024,Clôturé,Incendie,Police,7707.32,0.0,XOF
20275,10691,2024-10-12,ouvert,Dégâts des eaux,assure,4432.98,325.64,EUR
20276,10893,2023-12-22,ouvert,Bris de glace,Police,,1568.62,XOF
20277,10628,2024-03-19,En instruction,Incendie,Assuré,2091.5,466.58,XOF
20278,10144,2024-11-14,ouvert,Collision,Assuré,7490.03,1917.89,XOF
20279,10498,2024-03-13,En instruction,Bris de glace,assure,3674.33,3503.29,EUR
20280,10443,2024-07-11,ouvert,Vol,assure,3351.38,2450.8,XOF
20281,10177,2024-08-29,Clôturé,Collision,Police,9357.33,0.0,XOF
20282,10407,29/03/2023,Payé,Dégâts des eaux,Police,24676.38,26859.29,XOF
20283,10580,2024-07-02,Payé,Tempête,Police,16892.98,0.0,XOF
20284,10618,2025-05-06,ouvert,Collision,Tiers,2306.76,752.06,EUR
20285,10075,29/07/2025,Payé,Maladie,assure,3671.29,3776.2,XOF
20286,10193,2024-08-08,Payé,Maladie,Assuré,17199.18,0.0,XOF
20287,10452,24/03/2023,Ouvert,Maladie,Assuré,,3417.85,XOF
20288,10618,2023-07-08,Clôturé,Tempête,Tiers,6770.25,4426.41,EUR
20289,10051,03/10/2024,Ouvert,Incendie,Police,12582.24,230.59,XOF
20290,10014,2023-03-07,En instruction,Collision,assure,3734.33,1607.88,EUR
20291,10616,19/12/2023,Payé,Bris de glace,Assuré,8815.8,0.0,XOF
20292,1010016,2024-01-29,ouvert,Bris de glace,Assuré,2787.16,0.0,XOF
20293,10832,25/09/2023,Rejeté,Tempête,Tiers,5008.57,4984.37,EUR
20294,10812,2025-01-22,ouvert,,Tiers,10465.35,11444.45,EUR
20295,10680,2024-09-03,Clôturé,Tempête,Police,2265.62,1016.83,XOF
20296,10312,2023-09-17,Payé,Hospitalisation,assure,11526.22,2775.02,XOF
20297,10895,10/06/2024,Rejeté,Bris de glace,Tiers,7976.78,0.0,EUR
20298,10440,07/10/2024,Payé,Hospitalisation,Tiers,12606.8,0.0,XOF
20299,10247,2023-06-07,Rejeté,Tempête,Assuré,9692.73,0.0,EUR
20300,10624,25/10/2023,ouvert,Dégâts des eaux,Tiers,24132.44,20523.52,EUR
20301,10747,16/03/2024,ouvert,Dégâts des eaux,Tiers,8956.9,6803.3,EUR
20302,10370,2025-01-08,Payé,Vol,Assuré,5747.24,0.0,XOF
20303,10202,15/10/2023,ouvert,Tempête,assure,8935.95,0.0,EUR
20304,10757,2024-05-16,ouvert,Collision,Police,12514.44,11625.79,EUR
20305,10030,06/03/2023,ouvert,Vol,Assuré,8426.09,3105.78,XOF
20306,10352,2023-01-24,En instruction,Incendie,Police,8370.54,8833.96,XOF
20307,10611,29/09/2023,Payé,Maladie,Police,4621.19,3490.53,EUR
20308,10739,12/01/2025,Rejeté,Vol,assure,4767.99,585.71,XOF
20309,10863,2024-04-16,En instruction,Maladie,Assuré,2638.37,432.39,XOF
20310,10537,2024-01-08,Rejeté,Dégâts des eaux,Tiers,32848.5,19097.55,EUR
20311,10266,09/10/2024,Clôturé,Bris de glace,Tiers,2995.63,3218.74,EUR
20312,10489,12/11/2024,ouvert,Tempête,Assuré,4654.9,1558.83,XOF
20313,10428,19/05/2023,En instruction,Tempête,Tiers,4560.9,2728.32,XOF
20314,10864,2023-05-24,ouvert,Vol,assure,16579.79,12179.2,XOF
20315,10104,2023-06-27,Payé,Vol,Assuré,6399.92,202.38,XOF
20316,10061,10/03/2024,Clôturé,Maladie,Assuré,21986.71,2027.61,XOF
20317,10506,2025-08-21,ouvert,Vol,Police,4727.76,0.0,XOF
20318,10721,10/01/2025,Rejeté,Bris de glace,Assuré,10129.38,2535.59,XOF
20319,10353,20/05/2025,Rejeté,Bris de glace,assure,4153.57,3004.39,EUR
20320,10048,29/05/2025,Rejeté,Vol,assure,45076.63,27418.98,EUR
20321,10380,2024-03-28,Rejeté,Collision,Tiers,3133.55,637.01,EUR
20322,10199,2025-07-05,En instruction,Hospitalisation,Tiers,10382.29,0.0,EUR
20323,10815,2023-03-28,Payé,Incendie,Assuré,13453.86,10147.49,XOF
20324,10418,31/05/2023,Payé,Maladie,Assuré,11282.85,1423.46,EUR
20325,10219,27/05/2025,ouvert,Incendie,Assuré,6986.74,0.0,XOF
20326,10501,23/08/2023,Payé,Incendie,Tiers,7303.75,1250.27,XOF
20327,10696,2024-04-16,Payé,Collision,assure,8392.13,4468.4,XOF
20328,10355,20/05/2025,Ouvert,Dégâts des eaux,Tiers,7204.05,4903.26,EUR
20329,10011,08/04/2025,Clôturé,Tempête,Assuré,17520.09,113.29,EUR
20330,10763,2025-08-20,Clôturé,Hospitalisation,assure,47496.84,18088.8,XOF
20331,10049,01/09/2023,Rejeté,Hospitalisation,assure,5187.5,271.18,XOF
20332,10305,02/10/2024,Payé,Incendie,Assuré,2708.52,0.0,EUR
20333,10250,2025-04-30,Ouvert,Bris de glace,Police,7550.54,1097.69,XOF
20334,10062,13/04/2023,Rejeté,Bris de glace,Police,63816.53,11209.46,XOF
20335,10564,2025-01-27,Clôturé,Incendie,assure,4260.15,0.0,EUR
20336,10862,2023-01-10,En instruction,Hospitalisation,Assuré,30070.31,18699.95,EUR
20337,10523,29/08/2024,Ouvert,Collision,Tiers,31012.97,22106.59,XOF
20338,10264,2024-12-16,Ouvert,Hospitalisation,Police,5203.72,4467.9,XOF
20339,10374,2025-06-11,Ouvert,Vol,Police,12774.25,11163.44,EUR
20340,10542,16/01/2024,Clôturé,Dégâts des eaux,Tiers,29813.52,0.0,XOF
20341,10373,2024-03-06,Ouvert,Vol,assure,5983.12,933.04,XOF
20342,10081,2023-08-30,En instruction,Hospitalisation,Police,6885.24,5561.88,XOF
20343,10411,2023-04-20,Payé,Bris de glace,Assuré,5088.08,0.0,XOF
20344,10507,2023-08-01,Ouvert,Vol,Police,3598.22,774.18,EUR
20345,10672,07/08/2025,Rejeté,Dégâts des eaux,assure,4820.24,5065.59,EUR
20346,10181,21/05/2024,Ouvert,Tempête,assure,3043.76,2435.84,XOF
20347,10701,02/11/2023,Rejeté,Bris de glace,Assuré,8327.07,0.0,EUR
20348,10545,24/01/2025,Rejeté,Hospitalisation,Tiers,4376.57,4271.06,XOF
20349,10579,01/02/2024,Ouvert,Collision,Tiers,9769.58,9697.61,XOF
20350,10499,30/11/2024,Rejeté,Vol,Police,2333.87,1644.83,XOF
20351,10724,28/08/2025,Payé,Maladie,Police,10558.69,7680.95,XOF
20352,10045,18/07/2025,Ouvert,Tempête,Police,15785.12,6548.18,EUR
20353,10161,15/10/2023,Payé,Hospitalisation,Assuré,1644.2,937.94,XOF
20354,10492,2023-12-09,Clôturé,Tempête,Tiers,10929.77,6321.8,EUR
20355,10460,01/10/2024,Ouvert,Dégâts des eaux,assure,21636.46,7514.26,XOF
20356,10428,31/12/2023,Ouvert,Hospitalisation,Assuré,3078.78,321.46,EUR
20357,10648,31/03/2025,Ouvert,Hospitalisation,Police,30885.99,32533.01,EUR
20358,10173,02/09/2024,ouvert,Hospitalisation,Assuré,11330.07,11903.29,XOF
20359,10313,15/09/2024,Clôturé,Bris de glace,Assuré,4610.03,2474.68,EUR
20360,10171,15/12/2024,Payé,Incendie,assure,7749.51,0.0,XOF
20361,10357,13/07/2023,Payé,Incendie,Police,12665.81,9691.47,XOF
20362,10629,31/05/2025,Rejeté,Collision,Police,8611.07,2536.28,XOF
20363,10168,07/09/2024,Rejeté,Hospitalisation,Police,12469.05,4057.91,EUR
20364,10601,15/07/2024,Clôturé,Vol,Police,3879.5,527.72,XOF
20365,10796,02/07/2025,Rejeté,Incendie,Tiers,9278.81,4469.97,XOF
20366,10889,07/03/2024,ouvert,Bris de glace,assure,2615.02,2602.11,XOF
20367,10125,2024-12-13,Ouvert,Bris de glace,Tiers,7413.21,1902.22,EUR
20368,10097,2023-11-18,Clôturé,Hospitalisation,Tiers,3931.88,3356.17,EUR
20369,10637,2023-02-17,En instruction,Dégâts des eaux,Assuré,4498.85,2121.27,EUR
20370,10768,17/09/2024,Rejeté,Incendie,assure,21782.77,4213.36,XOF
20371,10066,2023-03-10,Payé,Collision,assure,19400.38,4605.1,EUR
20372,10124,05/05/2024,Rejeté,Vol,Police,13191.27,10253.23,XOF
20373,10753,21/05/2025,Ouvert,Hospitalisation,Police,3381.75,349.89,EUR
20374,10241,20/03/2024,ouvert,Dégâts des eaux,Tiers,6290.99,6240.45,XOF
20375,10304,18/02/2025,En instruction,Dégâts des eaux,Police,21385.71,20527.64,XOF
20376,10773,2024-01-12,Rejeté,Incendie,Assuré,9075.86,0.0,EUR
20377,10528,12/03/2024,Clôturé,,Assuré,51816.49,55851.04,XOF
20378,10360,2023-07-17,Ouvert,Maladie,Tiers,11099.49,7570.36,XOF
20379,10138,04/11/2023,Clôturé,Vol,assure,9448.76,10290.93,EUR
20380,10684,2025-07-12,Rejeté,Dégâts des eaux,Police,6327.79,491.41,EUR
20381,10608,2023-06-29,ouvert,Hospitalisation,assure,9016.69,0.0,XOF
20382,10434,06/09/2024,En instruction,Hospitalisation,Assuré,7172.6,0.0,XOF
20383,10096,04/05/2025,Clôturé,Collision,Police,14278.17,0.0,EUR
20384,10313,2023-05-10,Payé,Vol,Police,17419.78,12089.65,XOF
20385,10196,26/07/2023,Rejeté,Bris de glace,assure,4320.85,3206.07,EUR
20386,10756,2024-06-23,Rejeté,Dégâts des eaux,Police,2793.4,2773.24,XOF
20387,10745,2024-07-29,Rejeté,Collision,assure,1865.04,0.0,EUR
20388,10349,2025-04-20,Clôturé,Dégâts des eaux,assure,12165.91,7729.97,XOF
20389,10887,2023-01-09,Rejeté,Maladie,Police,3351.98,1574.13,EUR
20390,10099,09/05/2025,Clôturé,Bris de glace,Assuré,1447.64,644.7,XOF
20391,10607,2025-03-28,En instruction,Dégâts des eaux,Tiers,11057.49,3332.35,EUR
20392,10626,2024-10-22,Payé,Collision,assure,59539.76,24710.22,XOF
20393,10469,18/12/2024,Rejeté,Tempête,Assuré,8063.82,5698.91,XOF
20394,10777,2023-08-09,Ouvert,Maladie,assure,15847.91,4544.88,EUR
20395,10368,2024-03-04,Ouvert,Incendie,assure,8651.29,3100.38,EUR
20396,10300,25/09/2023,Rejeté,Hospitalisation,Tiers,,5955.89,XOF
20397,10285,2023-11-28,ouvert,Bris de glace,assure,16903.25,309.38,XOF
20398,10047,2023-05-19,Ouvert,Tempête,Police,6423.9,5295.41,XOF
20399,10821,2024-04-01,Ouvert,Bris de glace,Tiers,10035.8,0.0,XOF
20400,10503,14/03/2024,ouvert,Hospitalisation,Police,10481.41,8711.38,XOF
20401,10295,2024-08-09,En instruction,Maladie,Tiers,4748.23,3910.26,EUR
20402,10738,10/05/2025,Payé,Hospitalisation,Tiers,17919.3,0.0,XOF
20403,10826,2024-09-17,En instruction,Tempête,assure,7044.71,11.89,XOF
20404,10386,16/02/2025,Ouvert,Bris de glace,assure,4426.67,4341.18,XOF
20405,10312,2024-11-27,ouvert,Bris de glace,Police,12446.66,8610.04,XOF
20406,10074,2024-11-21,Ouvert,Tempête,Assuré,3949.03,852.18,XOF
20407,10226,2025-05-08,Payé,Tempête,assure,8287.84,0.0,XOF
20408,10424,2025-06-30,Clôturé,Maladie,Assuré,8044.19,0.0,XOF
20409,10568,2025-07-25,Rejeté,Dégâts des eaux,Tiers,19316.53,10377.29,XOF
20410,10293,09/05/2025,Payé,Tempête,Tiers,11846.15,4355.95,EUR
20411,10891,2023-01-29,Clôturé,Tempête,Tiers,7942.46,6849.65,XOF
20412,10894,2023-06-03,Ouvert,Dégâts des eaux,assure,15587.32,0.0,XOF
20413,10306,01/04/2023,Ouvert,Collision,Assuré,24640.98,0.0,XOF
20414,10048,2024-08-07,ouvert,Vol,Police,12660.58,10284.47,XOF
20415,10740,2023-09-27,Rejeté,Bris de glace,Tiers,8170.47,4721.45,XOF
20416,10206,04/06/2025,Ouvert,Dégâts des eaux,assure,2837.08,2938.18,XOF
20417,10585,2025-01-24,Clôturé,Maladie,assure,3456.14,0.0,XOF
20418,10615,2024-12-06,Ouvert,Incendie,Assuré,6347.52,3504.15,EUR
20419,10326,29/05/2024,Rejeté,Dégâts des eaux,assure,4976.04,5263.79,XOF
20420,10096,06/06/2024,Rejeté,Tempête,assure,6977.34,4972.76,EUR
20421,10667,29/05/2025,ouvert,Maladie,Police,8478.76,3575.83,XOF
20422,10352,2024-09-06,ouvert,Vol,Police,12378.97,228.43,EUR
20423,10004,2025-01-17,Rejeté,Collision,Tiers,7658.73,0.0,EUR
20424,10493,27/11/2024,Rejeté,Collision,Tiers,11958.54,7037.99,XOF
20425,10897,2023-04-01,En instruction,Bris de glace,Assuré,8532.0,3529.74,XOF
20426,10751,2025-01-28,En instruction,Collision,Police,1668.41,307.7,XOF
20427,10269,16/10/2023,ouvert,Bris de glace,assure,3822.01,0.0,EUR
20428,10859,2024-01-01,Payé,Dégâts des eaux,assure,7220.86,4267.51,EUR
20429,10098,28/07/2023,Clôturé,Bris de glace,Assuré,3078.64,0.0,XOF
20430,10527,18/01/2024,Rejeté,Bris de glace,Tiers,13094.44,0.0,XOF
20431,10711,02/05/2023,Clôturé,Dégâts des eaux,Assuré,27573.23,18268.62,XOF
20432,10568,2024-01-20,Clôturé,Vol,Police,21482.83,19085.69,XOF
20433,10875,10/04/2023,ouvert,Collision,Police,6831.13,2337.3,EUR
20434,10067,18/04/2025,Rejeté,Vol,Assuré,26704.33,11314.56,XOF
20435,10898,14/01/2024,Clôturé,Incendie,Police,9126.47,7474.75,XOF
20436,10322,2023-06-08,ouvert,Hospitalisation,Assuré,6187.78,1314.97,XOF
20437,10086,07/12/2023,Rejeté,Bris de glace,Assuré,4960.58,1944.52,XOF
20438,10828,11/11/2023,Ouvert,Hospitalisation,Tiers,6361.53,3147.42,EUR
20439,10311,2024-11-10,En instruction,Dégâts des eaux,Tiers,5939.97,2089.34,XOF
20440,10311,03/05/2023,En instruction,Hospitalisation,Tiers,9286.65,7579.58,XOF
20441,10057,02/03/2024,Ouvert,Hospitalisation,Assuré,9213.81,831.43,EUR
20442,10767,27/01/2024,ouvert,Vol,Police,8122.85,3400.14,EUR
20443,10138,30/03/2025,En instruction,Incendie,assure,11493.66,5114.08,XOF
20444,10654,2024-02-16,En instruction,Collision,Police,21005.03,0.0,XOF
20445,1010508,2024-08-09,Clôturé,Bris de glace,Police,17320.45,13497.1,EUR
20446,10650,10/10/2024,Clôturé,Tempête,Assuré,2470.27,2573.78,XOF
20447,10162,2023-05-30,Clôturé,Maladie,assure,1050.33,0.0,EUR
20448,10261,04/04/2025,Clôturé,Maladie,Assuré,17110.64,0.0,XOF
20449,10191,11/07/2025,ouvert,Vol,assure,,133.48,EUR
20450,10390,2023-02-14,Rejeté,Dégâts des eaux,assure,6769.54,213.56,XOF
20451,10824,13/02/2024,Rejeté,Incendie,Tiers,3177.69,2121.7,XOF
20452,10705,2023-09-23,Payé,Vol,Police,1916.81,197.71,XOF
20453,10504,2024-06-27,Payé,Bris de glace,Assuré,12496.08,7016.49,EUR
20454,10675,23/02/2023,Ouvert,Incendie,Police,14873.32,2093.79,XOF
20455,10010,2025-08-02,Ouvert,Collision,Police,5109.17,4668.65,XOF
20456,10213,2023-12-04,ouvert,Bris de glace,Police,1019.6,0.0,EUR
20457,10584,24/10/2023,Rejeté,Bris de glace,Tiers,5234.38,3392.05,XOF
20458,10575,03/09/2023,ouvert,Collision,Tiers,11086.05,10764.28,EUR
20459,10130,2024-11-04,ouvert,Hospitalisation,Tiers,2482.13,1347.22,EUR
20460,10677,02/06/2023,En instruction,Vol,Assuré,9383.31,1721.64,EUR
20461,10114,2024-06-23,Payé,Dégâts des eaux,assure,8004.44,2161.33,XOF
20462,10420,16/10/2024,Payé,Dégâts des eaux,Tiers,12880.03,261.71,XOF
20463,10851,11/08/2024,Ouvert,Tempête,Tiers,8916.55,1437.48,XOF
20464,10701,2025-03-17,Rejeté,Tempête,Tiers,3720.25,2454.14,XOF
20465,10703,07/03/2023,Payé,Tempête,Tiers,21104.83,6758.73,EUR
20466,10860,2025-02-05,Rejeté,Bris de glace,Tiers,7137.92,6202.14,EUR
20467,10365,17/03/2025,Clôturé,Hospitalisation,assure,7928.0,6693.24,EUR
20468,10438,01/09/2023,Rejeté,Vol,Assuré,3840.61,33.53,XOF
20469,10406,2025-03-14,Clôturé,Tempête,Police,5683.79,0.0,XOF
20470,10288,29/05/2023,Rejeté,Vol,assure,3992.44,0.0,XOF
20471,10567,19/02/2023,Ouvert,Collision,Tiers,,4035.3,XOF
20472,10209,2023-07-21,En instruction,Tempête,Police,31868.29,19404.72,XOF
20473,10260,2024-06-23,Rejeté,Dégâts des eaux,Tiers,2703.98,2935.01,XOF
20474,10017,2023-12-20,Payé,Dégâts des eaux,assure,2228.65,378.12,XOF
20475,10142,22/05/2024,Payé,Dégâts des eaux,Assuré,26289.8,0.0,EUR
20476,10708,06/06/2023,Clôturé,Maladie,Assuré,6853.68,6189.65,XOF
20477,10088,19/06/2025,Clôturé,Bris de glace,Assuré,4744.5,1865.34,XOF
20478,10465,2023-12-15,En instruction,Hospitalisation,Tiers,18618.74,11244.32,XOF
20479,10622,2024-01-15,Ouvert,Tempête,Assuré,4991.58,3521.47,XOF
20480,10851,18/12/2023,Clôturé,Incendie,assure,34919.75,0.0,EUR
20481,10380,2023-03-12,Ouvert,Dégâts des eaux,Police,13937.53,0.0,EUR
20482,10689,13/04/2023,Clôturé,Maladie,assure,5484.44,1662.62,EUR
20483,10456,2024-03-20,Ouvert,Maladie,Tiers,45517.25,39060.41,EUR
20484,10628,27/09/2023,Payé,Tempête,assure,4991.18,3889.12,EUR
20485,10881,2024-02-25,Clôturé,Collision,assure,14671.71,2819.81,XOF
20486,10711,2023-09-04,Payé,Incendie,Assuré,10295.21,1274.64,XOF
20487,10113,07/05/2023,Rejeté,Dégâts des eaux,Police,22957.34,16249.07,XOF
20488,10839,2025-07-04,Rejeté,Tempête,Tiers,28260.18,21581.11,XOF
20489,10107,2023-08-17,Ouvert,Hospitalisation,Tiers,8313.23,5927.11,EUR
20490,10384,23/04/2024,Clôturé,Maladie,Tiers,4434.92,3245.08,XOF
20491,10019,2025-05-04,Payé,Maladie,Assuré,11707.42,9657.03,XOF
20492,10413,2023-02-15,ouvert,Incendie,Police,4711.81,0.0,EUR
20493,10245,07/08/2023,Rejeté,Collision,assure,40566.98,29237.48,EUR
20494,10411,2025-04-06,ouvert,Tempête,assure,9038.32,9701.59,EUR
20495,10826,2025-04-20,Clôturé,Maladie,Assuré,6049.57,6482.8,XOF
20496,10222,2024-05-26,Ouvert,Bris de glace,assure,9393.23,3852.63,XOF
20497,10080,16/04/2024,Payé,Collision,assure,2758.1,2056.4,EUR
20498,10810,23/10/2024,Clôturé,Maladie,Tiers,3724.58,137.02,EUR
20499,10408,14/07/2025,ouvert,Hospitalisation,assure,21169.8,2557.87,XOF
20500,10256,2023-12-28,ouvert,Maladie,assure,4790.95,4166.43,XOF
20501,10060,2024-04-10,Ouvert,Bris de glace,Police,3506.84,0.0,EUR
20502,10840,20/04/2023,Clôturé,Tempête,Tiers,12448.09,8381.31,XOF
20503,10651,14/11/2023,Rejeté,Tempête,assure,20922.14,5217.61,XOF
20504,10840,24/06/2025,En instruction,Collision,Assuré,14402.58,0.0,EUR
20505,10690,2025-01-08,Clôturé,Vol,assure,17976.81,7201.97,EUR
20506,10526,2023-06-28,Clôturé,Dégâts des eaux,Assuré,4422.96,1667.35,EUR
20507,10519,03/06/2025,ouvert,Vol,Police,2598.14,1115.57,EUR
20508,10171,2023-03-19,Ouvert,Incendie,assure,26931.9,19483.68,XOF
20509,10560,2024-08-04,Payé,Maladie,assure,6259.5,1010.42,XOF
20510,10645,2024-10-06,ouvert,Maladie,Tiers,6629.82,6670.82,EUR
20511,10079,2023-04-23,Ouvert,Bris de glace,assure,23448.35,20564.72,EUR
20512,10193,07/06/2024,ouvert,Bris de glace,assure,12644.58,9557.59,XOF
20513,10740,2024-03-15,Payé,Incendie,Tiers,11669.22,10016.34,EUR
20514,10138,19/06/2023,En instruction,Bris de glace,Tiers,45798.28,0.0,XOF
20515,10062,09/07/2025,Payé,,Police,,0.0,XOF
20516,10494,18/06/2025,ouvert,Collision,assure,17022.17,17228.95,XOF
20517,10495,2024-03-21,Payé,Vol,Tiers,,0.0,EUR
20518,10432,31/10/2024,Payé,Vol,Assuré,10045.44,9263.62,EUR
20519,10537,2025-05-15,Clôturé,Bris de glace,Assuré,27522.93,16981.8,EUR
20520,10847,2024-11-18,Rejeté,Hospitalisation,assure,12164.4,0.0,XOF
20521,10603,19/09/2024,Clôturé,Collision,assure,12464.46,0.0,XOF
20522,10257,2025-03-26,ouvert,,Police,19110.74,697.72,EUR
20523,10345,13/04/2025,Ouvert,Incendie,Tiers,6051.36,762.12,EUR
20524,10103,12/07/2023,Payé,Dégâts des eaux,Police,4140.75,2481.6,EUR
20525,10341,02/08/2025,Rejeté,Vol,assure,3512.74,2312.08,EUR
20526,10144,28/06/2023,Clôturé,Tempête,Tiers,1680.61,0.0,EUR
20527,10527,2023-01-11,Clôturé,Bris de glace,Tiers,41980.72,0.0,EUR
20528,10860,2024-09-28,Ouvert,Tempête,Tiers,3352.41,15.72,XOF
20529,10260,22/01/2024,En instruction,Incendie,Tiers,6788.58,5761.04,EUR
20530,10828,22/02/2025,Clôturé,Maladie,Tiers,6493.45,0.0,EUR
20531,10651,2024-08-19,Clôturé,Tempête,Assuré,10362.26,6454.52,XOF
20532,10505,2023-03-25,Clôturé,Tempête,Assuré,15562.04,11970.08,XOF
20533,10311,2023-03-17,Ouvert,Hospitalisation,Tiers,16129.07,0.0,EUR
20534,10238,2025-02-18,Payé,Dégâts des eaux,Assuré,5082.4,3104.37,XOF
20535,10465,21/02/2025,Ouvert,Hospitalisation,Tiers,7089.02,3567.59,EUR
20536,10333,2025-08-22,ouvert,Bris de glace,Assuré,10158.48,9417.63,EUR
20537,10484,2025-02-17,ouvert,Tempête,Tiers,6641.19,1663.03,XOF
20538,10512,06/07/2025,Rejeté,Dégâts des eaux,Assuré,29315.64,32071.29,XOF
20539,10718,13/06/2025,Rejeté,Hospitalisation,Assuré,12001.42,9575.91,XOF
20540,10866,2023-10-24,Clôturé,Dégâts des eaux,assure,14587.24,0.0,XOF
20541,10121,2023-04-18,Payé,Dégâts des eaux,assure,13770.79,0.0,XOF
20542,10690,2025-01-31,En instruction,Vol,assure,20718.43,7781.07,XOF
20543,10216,31/10/2023,Clôturé,Collision,Tiers,9365.77,2764.77,EUR
20544,10390,2024-06-25,ouvert,Vol,assure,2871.34,2342.46,XOF
20545,10532,2023-05-16,Payé,Tempête,assure,11156.2,9593.96,XOF
20546,10480,2023-02-11,En instruction,Hospitalisation,Police,4812.22,1085.79,EUR
20547,10604,08/07/2023,Ouvert,Tempête,Police,5308.72,4717.79,XOF
20548,10127,14/05/2023,Payé,Vol,Tiers,12953.11,5976.4,XOF
20549,10238,17/07/2023,Clôturé,Bris de glace,Tiers,21820.96,18633.95,XOF
20550,10024,2025-03-17,Clôturé,Dégâts des eaux,Police,8242.16,6422.34,XOF
20551,10003,2024-02-13,Rejeté,Vol,Tiers,10374.09,7467.29,XOF
20552,10518,2023-12-18,Rejeté,Dégâts des eaux,Tiers,31627.17,24888.77,XOF
20553,10491,09/03/2025,Rejeté,Vol,Tiers,9824.19,2652.04,XOF
20554,10319,2025-07-15,Payé,Dégâts des eaux,Police,64948.28,0.0,XOF
20555,10820,2023-01-31,Clôturé,Hospitalisation,Assuré,12738.8,12045.86,XOF
20556,10044,23/08/2023,Payé,Collision,Assuré,1981.06,2072.29,XOF
20557,10735,14/07/2025,Clôturé,Tempête,assure,14804.31,6534.8,XOF
20558,10863,15/06/2024,Rejeté,Maladie,assure,10992.04,9991.8,EUR
20559,10838,26/04/2023,Payé,Collision,Police,22738.21,16671.34,XOF
20560,10188,08/07/2024,ouvert,Collision,Police,13884.73,101.25,XOF
20561,10320,13/12/2023,ouvert,Collision,Assuré,7253.47,1197.33,XOF
20562,10501,2024-01-05,Clôturé,Vol,Assuré,3042.89,3170.16,XOF
20563,10064,03/10/2023,Ouvert,Maladie,Police,6855.33,992.44,XOF
20564,10697,2024-08-07,Ouvert,Tempête,Tiers,4103.45,1244.79,XOF
20565,10556,2025-08-12,Clôturé,Tempête,Police,5092.79,1056.77,XOF
20566,1010705,22/07/2024,Ouvert,Dégâts des eaux,Tiers,12976.08,7635.12,EUR
20567,10609,2023-06-07,Clôturé,Incendie,assure,,13606.15,XOF
20568,10374,2023-02-15,ouvert,Vol,Assuré,11111.51,6911.87,XOF
20569,10359,2023-03-17,En instruction,Bris de glace,Police,3112.85,158.26,EUR
20570,10579,05/04/2024,Payé,Maladie,Police,11564.35,10575.31,EUR
20571,10106,18/12/2023,Ouvert,Hospitalisation,Police,21105.84,21774.88,XOF
20572,10662,30/03/2024,Payé,Maladie,assure,4974.97,0.0,EUR
20573,10880,2023-04-24,En instruction,Hospitalisation,Police,7279.27,7712.31,XOF
20574,10355,07/09/2024,En instruction,Dégâts des eaux,assure,8198.86,0.0,EUR
20575,10242,2025-02-16,Rejeté,Bris de glace,Tiers,4324.63,2065.74,XOF
20576,10454,17/12/2023,Clôturé,Hospitalisation,Tiers,13610.87,9322.08,XOF
20577,10346,14/07/2025,En instruction,Collision,Police,7355.78,5752.99,XOF
20578,10547,2024-10-24,Clôturé,Hospitalisation,Assuré,11334.72,0.0,XOF
20579,10739,2023-02-21,Payé,Bris de glace,assure,3983.86,41.56,XOF
20580,10295,19/06/2025,En instruction,Maladie,Tiers,5710.34,0.0,XOF
20581,10034,15/08/2023,ouvert,Dégâts des eaux,Assuré,14442.13,9525.38,XOF
20582,10696,07/12/2023,Payé,Vol,Police,6013.33,0.0,XOF
20583,10068,22/09/2023,Ouvert,Incendie,Tiers,32259.6,30740.55,XOF
20584,10626,2025-03-27,Payé,Dégâts des eaux,Police,5885.76,6337.67,EUR
20585,10552,2024-10-14,ouvert,Hospitalisation,assure,9698.71,8470.16,EUR
20586,10817,14/08/2025,En instruction,Vol,assure,17086.99,0.0,XOF
20587,10168,29/01/2025,Ouvert,Bris de glace,Police,2605.31,2088.03,XOF
20588,10017,2024-08-11,Payé,Hospitalisation,Assuré,1980.99,0.0,EUR
20589,10661,2023-11-16,Rejeté,Dégâts des eaux,Assuré,2391.02,1187.79,XOF
20590,10291,30/06/2023,ouvert,Collision,assure,22249.33,3057.84,EUR
20591,10373,2025-04-10,En instruction,Hospitalisation,Assuré,5210.93,5423.01,XOF
20592,10875,2023-08-06,En instruction,Tempête,Police,62727.76,46359.31,XOF
20593,10203,12/09/2023,Ouvert,Tempête,Police,5159.54,4687.93,XOF
20594,10255,06/10/2024,Payé,Dégâts des eaux,Assuré,9392.26,7017.29,XOF
20595,10157,2023-10-28,En instruction,Tempête,Police,27824.94,28569.12,XOF
20596,10236,22/12/2023,En instruction,Vol,Tiers,40330.94,0.0,XOF
20597,10030,2024-05-14,Ouvert,Dégâts des eaux,Assuré,42158.97,16956.39,XOF
20598,10156,2025-07-05,Rejeté,Incendie,Assuré,21304.91,16101.93,XOF
20599,10161,16/01/2024,Payé,Incendie,Assuré,18384.26,17307.6,XOF
20600,10843,20/01/2025,ouvert,Dégâts des eaux,Tiers,13017.13,4943.71,XOF
20601,10071,2024-09-23,Rejeté,Tempête,Assuré,15103.61,7815.98,XOF
20602,10402,18/03/2024,Rejeté,Hospitalisation,Police,,996.06,EUR
20603,10803,16/03/2024,ouvert,Maladie,assure,4210.94,0.0,XOF
20604,10135,2023-01-10,Ouvert,Dégâts des eaux,Police,8081.24,6.9,XOF
20605,10622,2024-07-29,Clôturé,Tempête,assure,7071.67,3897.0,XOF
20606,10314,14/07/2023,ouvert,Collision,Assuré,5638.75,4296.75,XOF
20607,10292,22/02/2025,Payé,Incendie,Police,14144.91,11400.9,XOF
20608,10819,06/07/2025,Payé,Tempête,Tiers,17400.33,2193.11,XOF
20609,10837,2024-12-02,ouvert,Collision,assure,8696.93,4022.42,EUR
20610,10410,15/02/2025,Ouvert,Tempête,Police,26423.9,22051.53,XOF
20611,10161,23/04/2025,ouvert,Dégâts des eaux,assure,3250.78,0.0,EUR
20612,10198,14/04/2024,ouvert,Collision,Police,6940.11,3206.14,XOF
20613,10410,2024-09-10,Ouvert,Dégâts des eaux,Tiers,4566.68,4442.19,EUR
20614,10623,2024-07-15,Rejeté,Collision,assure,1820.33,923.99,XOF
20615,10528,2025-01-10,Ouvert,Incendie,assure,7584.45,3108.35,EUR
20616,10442,16/02/2023,Rejeté,Bris de glace,Assuré,7351.08,4913.33,XOF
20617,10641,02/11/2024,En instruction,Maladie,Tiers,27194.22,17606.31,XOF
20618,10777,20/03/2025,Ouvert,Bris de glace,Assuré,13421.99,11376.26,EUR
20619,10705,24/07/2024,Rejeté,Dégâts des eaux,assure,3571.18,2325.17,XOF
20620,10013,22/05/2025,Rejeté,Dégâts des eaux,Tiers,35713.14,0.0,XOF
20621,10674,01/03/2023,ouvert,Bris de glace,assure,21521.91,7002.5,XOF
20622,10470,2023-08-31,En instruction,Collision,Police,12908.98,6791.95,XOF
20623,10791,16/10/2023,Clôturé,Incendie,Tiers,6760.23,1634.18,EUR
20624,10162,2024-09-21,Ouvert,Tempête,assure,3761.03,3875.83,XOF
20625,10278,28/02/2024,Rejeté,Incendie,assure,6016.34,1009.93,EUR
20626,10345,08/06/2023,En instruction,Bris de glace,Assuré,19360.67,6970.56,XOF
20627,10294,09/02/2023,En instruction,Maladie,Assuré,36595.08,29931.62,XOF
20628,10532,31/07/2024,Clôturé,Collision,Tiers,27850.18,25306.69,XOF
20629,10413,17/03/2024,En instruction,Vol,assure,5480.33,0.0,EUR
20630,10301,2025-02-28,En instruction,Hospitalisation,Assuré,3308.68,2310.7,XOF
20631,10486,05/02/2024,Ouvert,Vol,Police,9069.83,8272.05,XOF
20632,10266,11/12/2024,ouvert,Incendie,Police,1968.94,543.76,EUR
20633,10241,18/04/2024,Ouvert,Collision,Police,10493.74,0.0,XOF
20634,10390,08/10/2024,ouvert,Hospitalisation,Assuré,7200.59,964.61,XOF
20635,10026,28/09/2023,Ouvert,Vol,Tiers,5581.27,4804.15,XOF
20636,10388,2024-11-04,Clôturé,Bris de glace,Tiers,2262.53,355.93,XOF
20637,10047,14/08/2023,Ouvert,Incendie,Tiers,,3776.1,XOF
20638,10351,2025-08-01,ouvert,Incendie,assure,5291.41,0.0,EUR
20639,10685,03/01/2023,Clôturé,Dégâts des eaux,Assuré,3178.19,1574.73,EUR
20640,10396,2024-04-09,Clôturé,Bris de glace,Assuré,814.19,0.0,EUR
20641,10108,2023-09-26,En instruction,Vol,assure,7926.67,3083.92,XOF
20642,10484,06/09/2024,En instruction,Tempête,Tiers,33449.81,2010.93,EUR
20643,1010642,17/08/2024,En instruction,Incendie,Police,30607.71,32644.16,XOF
20644,10630,2023-10-23,Ouvert,Collision,assure,,0.0,EUR
20645,10172,12/03/2024,Rejeté,Tempête,assure,5005.19,2482.64,XOF
20646,10702,2025-05-06,ouvert,Maladie,Tiers,11790.15,0.0,XOF
20647,10097,19/06/2023,Ouvert,Dégâts des eaux,assure,3645.66,1588.71,XOF
20648,10534,2024-02-14,Clôturé,Dégâts des eaux,Assuré,10315.82,3407.78,EUR
20649,10666,2023-09-10,Payé,Collision,Assuré,14955.95,1752.48,XOF
20650,10784,01/06/2025,En instruction,Collision,assure,21623.73,11428.54,EUR
20651,10114,2025-08-11,Ouvert,Collision,Tiers,7479.17,3639.25,EUR
20652,10175,2025-08-02,Rejeté,Hospitalisation,assure,6884.73,0.0,XOF
20653,10238,2023-08-27,ouvert,Maladie,Tiers,4014.28,2291.68,EUR
20654,10235,04/08/2024,ouvert,Bris de glace,Tiers,4181.79,2208.19,EUR
20655,10002,16/06/2025,Payé,Hospitalisation,Tiers,6760.26,411.98,EUR
20656,10396,2025-01-04,En instruction,Incendie,assure,10871.42,0.0,EUR
20657,10582,2025-06-08,ouvert,Vol,Police,16829.15,7915.24,XOF
20658,10832,27/07/2024,Clôturé,Vol,assure,4261.84,3965.12,XOF
20659,10398,20/07/2024,Rejeté,Bris de glace,Assuré,26746.28,2721.1,EUR
20660,10494,2025-07-28,Rejeté,Incendie,assure,6523.07,3159.45,XOF
20661,10845,24/11/2023,Rejeté,Collision,assure,7965.75,1097.88,EUR
20662,10602,2024-07-24,Rejeté,Hospitalisation,Police,4457.0,4581.39,XOF
20663,10548,2024-12-11,Rejeté,Tempête,Assuré,1165.15,19.96,XOF
20664,10237,05/09/2024,ouvert,Hospitalisation,assure,16436.11,4529.65,XOF
20665,10598,04/06/2023,Clôturé,Vol,assure,14610.2,2027.27,EUR
20666,10008,19/02/2023,Ouvert,Maladie,assure,6470.04,5578.14,XOF
20667,10073,16/05/2025,En instruction,Incendie,Police,,1810.54,XOF
20668,10689,2025-01-27,ouvert,Hospitalisation,Assuré,12243.51,1884.58,XOF
20669,10704,2025-08-30,En instruction,Bris de glace,Police,2321.49,1810.24,EUR
20670,10271,2024-11-12,ouvert,Bris de glace,assure,5306.87,728.93,EUR
20671,10372,21/11/2023,Clôturé,Vol,Police,15297.0,1181.36,XOF
20672,10219,2025-02-07,Ouvert,Tempête,assure,2970.75,0.0,EUR
20673,10645,2024-10-04,Rejeté,Incendie,assure,10248.09,2517.74,XOF
20674,10434,02/06/2024,Payé,Tempête,assure,2737.32,0.0,EUR
20675,10857,07/09/2023,ouvert,Vol,Tiers,11768.06,0.0,EUR
20676,10547,02/06/2023,En instruction,Hospitalisation,Police,7875.3,5501.46,XOF
20677,10267,2024-09-11,En instruction,Hospitalisation,Tiers,2225.85,1389.9,XOF
20678,10701,2024-06-16,Clôturé,Incendie,Assuré,20574.17,21758.78,EUR
20679,10802,16/08/2023,Rejeté,Tempête,assure,4502.22,2110.16,XOF
20680,10342,21/11/2023,ouvert,Hospitalisation,Police,4237.79,2768.19,EUR
20681,10544,05/05/2024,Ouvert,Dégâts des eaux,assure,9513.39,545.53,XOF
20682,10480,2023-06-22,Payé,Collision,Police,20310.84,0.0,XOF
20683,10332,2024-06-04,Rejeté,Tempête,assure,3595.16,2116.49,XOF
20684,10739,2024-04-11,Payé,Maladie,Tiers,8512.95,7460.08,XOF
20685,10659,15/04/2025,Ouvert,Incendie,assure,11419.22,0.0,EUR
20686,10401,2025-08-02,Payé,Tempête,assure,14107.82,3389.54,EUR
20687,10165,09/01/2024,Ouvert,Collision,Tiers,9331.52,2993.83,XOF
20688,10256,02/02/2023,ouvert,Dégâts des eaux,Police,6041.32,3376.98,XOF
20689,10229,2025-07-19,ouvert,Bris de glace,Assuré,4179.42,787.45,XOF
20690,10452,24/08/2023,En instruction,Collision,assure,8681.2,9373.52,XOF
20691,10066,2024-09-23,Rejeté,Incendie,assure,3436.77,85.08,XOF
20692,10165,2024-05-16,Ouvert,Vol,Tiers,782.83,370.18,XOF
20693,10094,01/12/2024,Clôturé,Incendie,Tiers,11490.18,231.55,XOF
20694,10788,20/09/2023,Ouvert,Bris de glace,assure,,2366.41,XOF
20695,10463,18/05/2023,Ouvert,Bris de glace,Tiers,1223.72,0.0,XOF
20696,10899,18/04/2025,Clôturé,Incendie,assure,3612.72,784.83,XOF
20697,10145,2025-05-19,ouvert,Hospitalisation,Police,13297.39,440.8,EUR
20698,10861,2025-07-10,Ouvert,Bris de glace,Police,42024.01,28300.56,EUR
20699,10261,2024-01-18,Payé,Dégâts des eaux,assure,,2290.39,XOF
20700,10703,13/07/2024,Rejeté,Incendie,assure,4526.02,3927.03,XOF
20701,10147,17/08/2024,Rejeté,Incendie,Assuré,7000.12,6392.15,XOF
20702,10326,2025-04-17,Clôturé,Hospitalisation,Assuré,24340.6,0.0,EUR
20703,10792,2023-07-19,En instruction,Bris de glace,Police,4833.03,0.0,XOF
20704,10813,2024-07-19,ouvert,Tempête,Tiers,4275.46,1525.55,EUR
20705,10278,2025-01-27,Payé,Hospitalisation,Police,5507.16,0.0,EUR
20706,10765,10/06/2025,Ouvert,Maladie,Police,3779.46,2477.04,XOF
20707,10328,02/06/2024,Payé,Collision,Police,8938.62,8208.39,XOF
20708,10456,2023-10-10,Clôturé,Collision,assure,29724.97,610.82,XOF
20709,10557,18/03/2024,En instruction,Bris de glace,Tiers,10493.0,0.0,XOF
20710,10337,09/12/2024,Ouvert,Maladie,Tiers,6621.76,4812.87,XOF
20711,10454,25/11/2023,Payé,Bris de glace,Assuré,6416.01,4231.63,XOF
20712,10777,2023-12-06,ouvert,Incendie,Assuré,2320.29,2479.75,XOF
20713,10001,2024-07-16,Ouvert,Incendie,Tiers,16423.82,16118.71,XOF
20714,10172,2023-07-05,Ouvert,Collision,Police,7613.9,0.0,XOF
20715,10444,28/11/2024,Ouvert,Tempête,Tiers,7013.67,1002.22,EUR
20716,10109,2025-01-28,Clôturé,Vol,assure,104243.63,0.0,XOF
20717,10337,2024-12-13,ouvert,Maladie,Police,10290.77,550.58,XOF
20718,10752,20/10/2024,Clôturé,Dégâts des eaux,Police,4440.7,2739.48,EUR
20719,1010478,10/02/2024,Payé,Bris de glace,assure,5761.27,324.16,EUR
20720,10631,2024-08-19,Rejeté,Maladie,assure,20307.72,18979.97,EUR
20721,10658,06/11/2024,Payé,Hospitalisation,Police,8871.65,7806.77,XOF
20722,10139,2024-01-30,Payé,Maladie,Assuré,2564.14,2612.54,XOF
20723,10032,17/08/2025,Clôturé,Maladie,Assuré,16905.31,4818.47,XOF
20724,10621,2024-12-21,Payé,Bris de glace,assure,4748.03,5045.92,XOF
20725,10682,27/03/2025,Rejeté,Collision,assure,36266.08,15096.06,EUR
20726,10711,04/08/2023,ouvert,Tempête,assure,19226.38,0.0,XOF
20727,10097,20/06/2025,ouvert,Collision,assure,5665.45,3968.67,XOF
20728,10224,2024-02-02,Rejeté,Collision,Police,22579.85,3691.21,XOF
20729,10419,18/08/2024,ouvert,Vol,Police,8555.11,3200.25,EUR
20730,10142,2025-08-10,En instruction,Maladie,Tiers,16030.03,14126.93,XOF
20731,10292,30/09/2024,En instruction,Bris de glace,Tiers,11941.63,3447.91,EUR
20732,10077,2023-10-27,Rejeté,Maladie,Tiers,4117.14,2773.35,XOF
20733,10043,2025-07-24,Ouvert,Bris de glace,assure,4842.37,195.74,XOF
20734,10272,2025-08-17,Ouvert,Vol,Assuré,18471.21,7323.77,XOF
20735,10256,07/08/2025,Payé,Maladie,Assuré,6199.23,635.84,EUR
20736,10415,16/04/2023,ouvert,Collision,Tiers,5866.9,1089.75,XOF
20737,1010290,2024-03-05,Rejeté,Maladie,Tiers,3774.04,1464.22,EUR
20738,10349,2024-08-17,Payé,Collision,assure,11371.66,1576.98,XOF
20739,10787,05/07/2024,Payé,Hospitalisation,Police,42193.44,31197.01,XOF
20740,10616,05/03/2023,ouvert,Bris de glace,assure,3449.46,3124.62,XOF
20741,10739,07/11/2024,En instruction,Vol,Police,8261.62,7589.63,XOF
20742,10455,19/01/2024,Payé,Tempête,Assuré,25078.76,18663.31,XOF
20743,10069,15/12/2023,Rejeté,Dégâts des eaux,Assuré,7602.91,1443.85,XOF
20744,10614,02/05/2024,Clôturé,Bris de glace,Police,11636.45,11678.35,XOF
20745,10838,25/08/2023,Clôturé,Hospitalisation,Police,3463.67,2420.11,XOF
20746,10871,2023-12-12,Ouvert,Collision,Police,11414.57,6031.71,XOF
20747,10524,27/08/2023,Rejeté,Dégâts des eaux,Tiers,6976.37,3410.88,XOF
20748,10555,02/07/2024,Payé,Bris de glace,Police,17829.04,15479.43,EUR
20749,10677,14/06/2024,Payé,Collision,Tiers,20950.31,17221.57,XOF
20750,10721,2024-03-05,Payé,Hospitalisation,Assuré,64321.61,41008.17,XOF
20751,10427,2025-04-18,Payé,Vol,Tiers,12883.55,275.68,XOF
20752,10351,2023-07-01,Payé,Tempête,Tiers,,2516.13,EUR
20753,10004,2025-04-09,Payé,Collision,assure,9466.43,6310.28,XOF
20754,10630,10/06/2024,Payé,Collision,Police,6108.69,3049.07,XOF
20755,10151,2025-07-04,Rejeté,Incendie,assure,10623.11,8408.28,EUR
20756,10350,20/07/2023,Rejeté,Hospitalisation,assure,6397.6,524.51,EUR
20757,10011,2025-03-24,Payé,Maladie,Assuré,9272.13,7037.28,EUR
20758,10597,2024-06-20,En instruction,Maladie,Police,23250.41,0.0,XOF
20759,10689,03/12/2024,Clôturé,Dégâts des eaux,Assuré,3621.94,3340.52,XOF
20760,10003,2025-08-11,Payé,Incendie,Tiers,20169.02,10455.81,EUR
20761,10492,2024-04-23,Ouvert,Dégâts des eaux,Police,23241.44,18523.06,XOF
20762,10562,15/08/2024,ouvert,Dégâts des eaux,assure,7372.74,3589.77,XOF
20763,10055,02/12/2023,ouvert,Tempête,Assuré,1484.03,149.52,EUR
20764,1010508,22/07/2024,En instruction,Maladie,Tiers,4982.78,153.89,XOF
20765,10168,03/12/2024,Ouvert,Incendie,Assuré,22870.33,15766.57,EUR
20766,10177,2024-09-26,Rejeté,Tempête,Tiers,7956.19,4119.2,EUR
20767,10889,2024-09-05,Rejeté,Vol,Tiers,3642.98,2384.34,EUR
20768,10680,25/11/2024,Ouvert,Dégâts des eaux,Assuré,5410.95,4544.69,XOF
20769,10116,2023-12-24,Ouvert,Bris de glace,Police,15874.92,3687.87,XOF
20770,10800,2024-09-19,ouvert,Tempête,assure,12548.88,11987.17,XOF
20771,10762,2024-11-23,Rejeté,Tempête,Assuré,6693.25,5648.0,XOF
20772,10469,2023-11-05,Clôturé,Incendie,Tiers,6042.3,308.57,XOF
20773,10627,05/02/2023,Rejeté,Collision,Tiers,5922.97,1377.58,XOF
20774,10272,2023-12-05,En instruction,Vol,Tiers,3874.11,0.0,EUR
20775,10250,21/11/2023,Ouvert,Incendie,Assuré,29504.57,0.0,XOF
20776,10059,2025-07-21,Payé,Hospitalisation,Tiers,6261.3,2561.74,EUR
20777,10839,2023-06-19,Ouvert,Bris de glace,Assuré,21455.3,0.0,XOF
20778,10465,10/01/2025,Ouvert,Vol,Police,27365.9,19591.74,EUR
20779,10429,2023-09-29,ouvert,Vol,Assuré,18009.39,0.0,EUR
20780,10340,2023-10-31,Clôturé,Incendie,Police,5737.07,1034.75,EUR
20781,10875,2025-02-15,Payé,Dégâts des eaux,assure,,5792.35,EUR
20782,10179,2024-08-20,ouvert,Tempête,Police,7947.74,3983.68,XOF
20783,10441,2023-03-22,Rejeté,Vol,Police,3932.53,2158.72,EUR
20784,10886,2025-08-23,Clôturé,Tempête,assure,10503.75,7159.79,EUR
20785,10286,04/12/2023,Rejeté,Collision,Assuré,3155.08,3066.19,XOF
20786,10140,09/01/2025,ouvert,Maladie,assure,20955.23,22846.17,XOF
20787,10465,2023-12-07,Payé,Bris de glace,Assuré,5587.61,393.38,EUR
20788,10861,13/10/2023,Payé,Maladie,assure,9517.88,5527.84,XOF
20789,10061,13/03/2023,ouvert,Bris de glace,Assuré,10164.23,4579.48,XOF
20790,10831,2024-04-21,Clôturé,Collision,Tiers,6587.15,0.0,XOF
20791,10105,2024-01-23,En instruction,Bris de glace,Assuré,12956.53,0.0,EUR
20792,10451,2024-11-22,Ouvert,Hospitalisation,Police,5541.81,0.0,EUR
20793,10468,12/06/2025,En instruction,Incendie,Police,16269.34,7487.26,XOF
20794,10015,18/05/2024,Payé,Hospitalisation,Assuré,2760.64,564.85,XOF
20795,10486,2023-11-02,En instruction,Maladie,assure,8965.18,8498.48,XOF
20796,10854,31/10/2023,Rejeté,Vol,Assuré,38221.11,0.0,XOF
20797,10679,2024-06-19,Clôturé,Dégâts des eaux,assure,3639.99,1526.42,EUR
20798,10732,12/09/2024,ouvert,Dégâts des eaux,assure,4711.7,1607.53,EUR
20799,10337,07/06/2023,Clôturé,,Assuré,12223.63,0.0,XOF
20800,10773,04/06/2025,En instruction,Hospitalisation,assure,9354.99,0.0,EUR
