policy_id,customer_id,policy_type,sales_channel,start_date,end_date,annual_premium,currency,status
10001,435.0,Santé  ,en ligne,2025-01-23,2025-07-22,7695.24,XOF,Suspendu
10002,467.0,AUTO,en ligne,2025-08-24,2027-08-24,5601.94,XOF,Actif
10003,95.0,Auto,AGENCE,2024-10-21,21/10/2026,8298.62,EUR,Suspendu
10004,438.0,Habitat,Partenaire,16/09/2023,15/09/2025,12855.34,XOF,Résilié
10005,92.0,Habitation,en ligne,22/04/2023,21/04/2025,-5339.69,XOF,Actif
10006,173.0,Habitat  ,Partenaire,15/04/2025,15/04/2026,5339.74,XOF,Actif
10007,175.0,sante,Courtier  ,2023-06-30,29/06/2024,13221.59,XOF,resilie
10008,218.0,Habitation,En ligne,10/07/2023,06/01/2024,8810.66,XOF,resilie
10009,640.0,sante,Agence,22/04/2023,2025-04-21,4746.97,XOF,Actif
10010,600.0,Auto,Agence,29/08/2023,2024-08-28,7873.67,EUR,resilie
10011,43.0,Santé  ,Partenaire,10/04/2023,07/10/2023,4761.37,XOF,Suspendu
10012,345.0,santé,en ligne,15/01/2024,14/01/2026,4755.87,XOF,Actif  
10013,365.0,Habitat,Partenaire,2025-06-13,2026-06-13,6774.91,XOF,Actif
10014,544.0,Habitat,en ligne,14/10/2023,13/10/2025,2306.21,XOF,Actif
10015,4.0,Auto,en ligne,15/10/2024,15/10/2025,2533.97,XOF,resilie
10016,497.0,sante,en ligne,2024-02-14,13/02/2026,4531.72,XOF,Actif
10017,200.0,Auto,En ligne,30/12/2024,2025-06-28,3617.67,XOF,Actif
10018,119.0,Habitat,en ligne,2024-05-08,2026-05-08,7024.25,XOF,Actif
10019,30.0,Santé,en ligne,14/06/2023,2024-06-13,3812.3,EUR,Actif
10020,548.0,Santé,Courtier  ,2024-10-10,10/10/2026,2962.68,EUR,Actif  
10021,391.0,Auto,En ligne,2024-10-31,2026-10-31,12491.76,EUR,Actif
10022,607.0,Santé  ,Partenaire,2025-08-17,13/02/2026,5362.1,XOF,Résilié
10023,549.0,Habitat,Courtier  ,2023-07-14,2024-07-13,6209.06,EUR,Actif
10024,552.0,Santé,Courtier,22/05/2025,22/05/2026,2944.3,XOF,Actif
10025,291.0,AUTO,en ligne,2023-05-30,29/05/2025,4572.47,XOF,Résilié  
10026,588.0,sante,Agence,04/05/2024,2026-05-04,6345.25,XOF,Suspendu
10027,216.0,Habitation,Partenaire,18/05/2025,18/05/2027,3376.19,XOF,resilie
10028,676.0,sante,en ligne,23/07/2025,19/01/2026,7243.42,XOF,Résilié  
10029,401.0,habitation,en ligne,15/03/2023,2025-03-14,4445.65,XOF,Actif
10030,595.0,AUTO,Courtier,05/06/2025,02/12/2025,5188.26,XOF,Suspendu
10031,149.0,Santé,en ligne,2023-08-03,2024-01-30,4443.27,XOF,resilie
10032,438.0,sante,Courtier,2024-11-26,2025-05-25,15155.81,XOF,Actif
10033,666.0,sante,Courtier,2023-12-13,2025-12-12,5962.54,EUR,Actif
10034,501.0,Habitat,en ligne,2023-11-06,05/11/2025,3537.39,XOF,resilie
10035,,Auto  ,Agence,2024-01-27,26/01/2025,9056.81,EUR,Actif
10036,522.0,Auto,AGENCE,2023-08-19,15/02/2024,3260.31,EUR,Actif
10037,661.0,Santé,agence,2024-12-20,20/12/2025,6663.71,XOF,Résilié
10038,21.0,AUTO  ,AGENCE,2024-02-08,2026-02-07,2253.33,EUR,Actif
10039,121.0,Santé,Agence,2023-07-05,2025-07-04,3089.94,XOF,Actif
10040,669.0,Auto,AGENCE,15/06/2023,12/12/2023,6623.84,XOF,Actif
10041,176.0,AUTO,En ligne,09/03/2024,2026-03-09,8683.96,XOF,Actif
10042,712.0,Habitation,en ligne,2023-11-17,2025-11-16,6539.95,XOF,Résilié
10043,193.0,Habitation,AGENCE,26/05/2023,25/05/2024,5665.64,XOF,Actif
10044,638.0,Habitation,Partenaire,08/03/2024,2024-09-04,5163.9,XOF,Actif
10045,693.0,Habitat,en ligne,11/03/2024,2026-03-11,2866.19,XOF,résilié
10046,578.0,Santé,Partenaire,04/11/2024,2026-11-04,4188.42,XOF,Suspendu
10047,254.0,AUTO,Partenaire,2023-03-21,20/03/2024,4767.99,XOF,Résilié  
10048,372.0,Habitation,En ligne,2025-07-20,2026-07-20,10183.88,XOF,Actif
10049,228.0,Santé,AGENCE,23/01/2024,2024-07-21,7128.17,XOF,Actif
10050,718.0,Auto,Courtier,08/08/2024,08/08/2025,2486.12,XOF,Résilié
10051,695.0,Santé  ,Agence,2025-03-18,2027-03-18,7058.88,EUR,Suspendu
10052,582.0,Santé,en ligne,2025-01-23,23/01/2026,4951.56,XOF,resilie
10053,188.0,sante,AGENCE,2024-03-25,25/03/2025,4279.28,EUR,Résilié
10054,90.0,Habitat,Agence,2025-08-28,2026-08-28,8150.53,EUR,Actif
10055,170.0,sante,Agence,12/08/2024,2025-02-08,10051.73,XOF,resilie
10056,,Habitation,en ligne,2024-12-02,02/12/2026,9562.84,XOF,Suspendu
10057,354.0,Habitation,en ligne  ,2023-09-08,2025-09-07,3945.74,XOF,Résilié
10058,137.0,Habitation,En ligne,2024-06-10,10/06/2025,5143.01,XOF,Suspendu
10059,256.0,Santé  ,En ligne,2025-05-01,2027-05-01,7084.27,XOF,Actif
10060,583.0,Auto,Partenaire,08/02/2024,2024-08-06,9776.85,XOF,resilie
10061,631.0,Santé,en ligne,2024-04-16,16/04/2025,4724.01,XOF,Actif
10062,104.0,Habitation,Partenaire,2024-03-17,17/03/2025,-5470.75,XOF,Actif
10063,673.0,Santé  ,Partenaire,2023-09-14,12/03/2024,3452.43,EUR,Suspendu
10064,450.0,sante,Agence,03/11/2024,2025-11-03,3300.72,XOF,Actif
10065,292.0,Auto,Courtier,2023-02-11,10/08/2023,9011.55,EUR,Suspendu
10066,273.0,Habitat,en ligne  ,2023-05-02,01/05/2024,11826.76,EUR,Résilié
10067,410.0,Auto,Agence,2024-05-28,2026-05-28,5790.62,EUR,Actif
10068,14.0,santé,Partenaire,2025-02-24,24/02/2027,9914.63,XOF,Actif
10069,289.0,Habitat,AGENCE,2024-05-12,2024-11-08,7192.67,EUR,Actif
10070,118.0,Habitation,Partenaire  ,2025-06-03,2026-06-03,4347.86,XOF,resilie
10071,606.0,sante,Agence,06/10/2024,2026-10-06,7191.81,XOF,Actif  
10072,437.0,sante,Partenaire,19/01/2023,2025-01-18,12952.17,XOF,Actif
10073,437.0,Auto,En ligne,05/05/2024,01/11/2024,5896.34,EUR,resilie
10074,429.0,Auto,en ligne,10/09/2023,2024-09-09,13125.63,XOF,Actif
10075,287.0,sante,En ligne,19/07/2025,19/07/2027,1619.91,XOF,Suspendu
10076,686.0,Santé,en ligne,14/01/2023,2025-01-13,9053.9,XOF,Actif
10077,216.0,Habitat,AGENCE,2024-08-21,2025-08-21,6269.95,XOF,Actif
10078,671.0,Auto,Agence,17/04/2025,14/10/2025,5169.32,XOF,resilie
10079,207.0,sante,AGENCE,30/06/2024,30/06/2026,6284.74,XOF,Actif
10080,460.0,sante,AGENCE,2024-10-06,2026-10-06,2222.12,XOF,Suspendu
10081,714.0,Habitat,Courtier,13/05/2023,12/05/2024,5378.5,XOF,Résilié
10082,526.0,sante,Partenaire,18/03/2023,2023-09-14,7176.42,EUR,Résilié
10083,164.0,Habitat,en ligne,08/08/2024,04/02/2025,12568.48,XOF,Résilié
10084,304.0,AUTO,Courtier,26/12/2024,2025-12-26,4632.56,XOF,Actif
10085,285.0,Habitation,Courtier,2025-08-07,2026-02-03,4006.82,XOF,Actif
10086,648.0,AUTO,En ligne,2024-09-11,11/09/2025,4670.97,XOF,Actif
10087,302.0,Santé,Courtier,29/11/2023,2024-05-27,9487.22,XOF,Actif
10088,598.0,Habitat,en ligne,2023-04-19,18/04/2025,7075.37,EUR,resilie
10089,276.0,Habitat,en ligne,28/07/2023,27/07/2025,4606.02,EUR,Actif
10090,491.0,Habitation  ,Courtier,06/04/2023,2024-04-05,7759.19,XOF,Suspendu
10091,22.0,Habitation,Agence,2023-11-14,2024-05-12,6301.47,XOF,suspendu
10092,466.0,Habitation,en ligne,2025-07-19,2027-07-19,9743.18,EUR,Actif
10093,22.0,Auto,En ligne,2023-04-23,2023-10-20,4225.84,XOF,Actif
10094,10.0,Habitation,Partenaire,21/03/2025,2025-09-17,5095.78,XOF,resilie
10095,491.0,Habitat,AGENCE,2023-06-08,2023-12-05,4934.2,XOF,Résilié
10096,106.0,sante,Courtier,2024-07-11,2025-07-11,2887.78,XOF,Résilié
10097,438.0,Habitat,Partenaire,2024-01-30,28/07/2024,6960.87,XOF,resilie
10098,113.0,Santé,Agence,18/08/2023,2024-02-14,6839.89,XOF,Actif
10099,620.0,Habitation,en ligne,04/06/2023,2023-12-01,6018.28,EUR,Résilié
10100,704.0,Santé,Partenaire,05/11/2023,04/11/2025,5338.53,XOF,Actif  
10101,79.0,Habitation,Partenaire,18/03/2025,14/09/2025,2958.14,XOF,resilie
10102,116.0,Habitation,Courtier,14/08/2024,14/08/2025,4864.3,XOF,Actif
10103,435.0,Santé,Courtier  ,2024-05-07,07/05/2026,5057.58,EUR,Résilié
10104,510.0,Habitation,Partenaire,2024-07-05,05/07/2026,4019.29,EUR,Résilié
10105,711.0,Santé,Agence,2025-04-10,2027-04-10,5537.83,XOF,resilie
10106,486.0,Habitation,En ligne,17/05/2023,2023-11-13,7346.84,XOF,Actif
10107,565.0,Auto,en ligne,2025-08-11,2026-08-11,15414.95,XOF,Actif
10108,147.0,Santé,Agence,2024-01-22,2026-01-21,6550.45,XOF,resilie
10109,609.0,Auto,Courtier,2025-06-10,2025-12-07,6827.92,XOF,actif
10110,427.0,AUTO,en ligne,03/06/2023,30/11/2023,5783.57,EUR,resilie
10111,346.0,Auto,en ligne  ,2024-03-30,2026-03-30,2299.88,XOF,Actif
10112,12.0,Santé,AGENCE,10/02/2024,2025-02-09,5923.86,EUR,Résilié
10113,161.0,sante,AGENCE,2023-10-06,2024-04-03,6186.44,EUR,Actif
10114,573.0,Habitat,Partenaire,11/09/2024,2025-03-10,20570.66,EUR,Suspendu
10115,381.0,Auto,En ligne  ,24/10/2024,2025-10-24,5452.45,XOF,Actif
10116,167.0,Santé,Courtier,2024-07-08,2025-01-04,6979.79,XOF,Actif
10117,88.0,sante,Agence,2024-08-06,06/08/2026,5899.63,XOF,Résilié
10118,317.0,Santé,Partenaire,09/01/2023,2024-01-09,3346.47,XOF,Suspendu
10119,100.0,Habitation,Agence,06/12/2023,05/12/2024,10629.74,XOF,Résilié
10120,39.0,Habitat,Agence,2023-10-25,2024-04-22,8742.63,XOF,resilie
10121,670.0,Habitat,AGENCE,25/05/2023,24/05/2025,8915.23,XOF,Résilié
10122,348.0,Habitat,Partenaire  ,2023-10-25,2024-10-24,3809.7,EUR,Actif
10123,622.0,Habitation,En ligne,2023-03-18,14/09/2023,12105.28,EUR,Actif
10124,322.0,Santé  ,En ligne,2023-06-23,2024-06-22,2978.2,XOF,Actif
10125,472.0,Habitation,Agence,22/09/2023,2024-09-21,8050.01,XOF,Suspendu
10126,294.0,auto,En ligne,15/02/2024,2025-02-14,17947.89,XOF,Suspendu
10127,519.0,Auto,en ligne,2024-04-05,2025-04-05,3658.22,XOF,Résilié
10128,108.0,Auto,Courtier,25/10/2023,24/10/2024,4522.64,XOF,Résilié
10129,358.0,Habitat,Agence,22/04/2024,22/04/2025,6309.59,EUR,Actif
10130,337.0,Habitat,en ligne,08/03/2023,2024-03-07,4666.96,XOF,Résilié
10131,40.0,Santé,AGENCE,2024-07-12,08/01/2025,2764.65,EUR,Actif
10132,371.0,Auto,en ligne,19/03/2025,19/03/2026,6212.27,EUR,Actif
10133,181.0,Santé,en ligne,27/03/2023,23/09/2023,3529.28,XOF,Actif
10134,686.0,sante,En ligne,03/07/2025,2026-07-03,7606.79,XOF,actif
10135,430.0,Habitat,AGENCE,08/05/2024,2025-05-08,3790.63,XOF,resilie
10136,612.0,Habitat,en ligne,23/07/2023,2024-01-19,13029.45,XOF,Actif
10137,470.0,Habitat,Partenaire,14/08/2025,2026-02-10,4057.71,EUR,Actif
10138,129.0,Habitation,Partenaire,2024-10-11,11/10/2025,5110.07,XOF,Actif  
10139,215.0,Auto,En ligne,15/07/2023,2025-07-14,9016.02,XOF,Actif
10140,665.0,AUTO,Partenaire,11/04/2024,2025-04-11,3244.02,EUR,Actif
10141,470.0,AUTO,Partenaire,14/03/2024,14/03/2025,6725.96,XOF,résilié
10142,706.0,Auto,Agence,2024-11-27,2025-11-27,11539.96,XOF,resilie
10143,632.0,AUTO,AGENCE,2025-08-12,12/08/2026,2687.21,XOF,Suspendu
10144,34.0,sante,AGENCE,14/11/2024,2025-11-14,6583.47,EUR,Actif
10145,481.0,Habitat,en ligne,08/05/2023,2024-05-07,6835.89,EUR,suspendu
10146,230.0,sante,en ligne,2024-06-03,2025-06-03,8874.27,XOF,resilie
10147,425.0,AUTO,en ligne,03/02/2023,02/08/2023,3234.16,XOF,Actif
10148,586.0,sante,Agence,16/03/2024,2024-09-12,3101.9,EUR,Actif
10149,400.0,sante,courtier,2025-01-15,2025-07-14,7792.92,EUR,Actif
10150,647.0,Santé,Courtier,2024-08-13,2025-08-13,6963.88,XOF,Résilié
10151,12.0,AUTO  ,Agence,05/10/2024,2026-10-05,6803.87,XOF,Actif
10152,134.0,Habitation,En ligne,2024-04-09,2026-04-09,7138.26,XOF,Actif
10153,388.0,Habitation,en ligne,2025-02-27,2026-02-27,4272.64,XOF,Actif
10154,611.0,habitation,Agence,2023-05-06,02/11/2023,6742.1,XOF,Actif
10155,213.0,sante,en ligne,2024-02-05,2024-08-03,6950.27,EUR,Actif
10156,385.0,Auto,Courtier,2025-06-30,2026-06-30,4199.93,EUR,Actif  
10157,356.0,Santé,Agence,2024-05-10,2026-05-10,15258.43,XOF,Actif
10158,531.0,Habitation,Agence,08/06/2024,2024-12-05,7607.7,XOF,Actif
10159,709.0,Auto  ,En ligne,20/08/2025,16/02/2026,3308.82,XOF,Actif
10160,508.0,Habitation,en ligne,22/03/2024,22/03/2026,8335.48,EUR,Actif
10161,602.0,sante  ,Partenaire,16/11/2023,14/05/2024,3687.33,XOF,resilie  
10162,622.0,Habitat,Agence,28/01/2024,2025-01-27,8897.65,XOF,Résilié
10163,524.0,Habitat,AGENCE,17/09/2023,16/09/2025,10713.91,EUR,Actif
10164,185.0,Auto,Courtier,08/04/2025,08/04/2026,3982.48,EUR,Actif
10165,,Santé,Courtier,06/05/2023,02/11/2023,9717.54,XOF,resilie
10166,576.0,Habitation,Agence,09/03/2023,2024-03-08,7378.98,XOF,Résilié
10167,662.0,Habitation,Courtier,2024-03-07,07/03/2026,9054.62,EUR,Actif  
10168,282.0,Santé,AGENCE,07/03/2024,2024-09-03,15496.92,XOF,Suspendu
10169,292.0,sante,Agence,2023-01-19,18/01/2025,5309.78,XOF,Suspendu
10170,72.0,Santé,En ligne,26/04/2024,2024-10-23,4118.04,EUR,resilie
10171,321.0,sante,Partenaire,2024-05-20,20/05/2026,3847.75,XOF,suspendu
10172,106.0,Santé,en ligne,30/01/2023,2023-07-29,3992.19,XOF,Actif
10173,196.0,Santé,Agence,2025-01-11,2026-01-11,5775.9,XOF,resilie
10174,77.0,Habitation,AGENCE,28/09/2023,2024-09-27,7119.38,EUR,Actif
10175,152.0,Auto,AGENCE,2025-02-10,10/02/2027,6893.58,EUR,resilie
10176,288.0,Santé,en ligne,2023-11-26,25/11/2025,9077.84,EUR,Actif
10177,249.0,sante,Agence,2024-11-06,2026-11-06,6042.06,XOF,resilie
10178,480.0,Habitation,AGENCE,18/04/2025,18/04/2026,12416.32,XOF,Suspendu
10179,672.0,Santé,Partenaire,07/06/2023,2025-06-06,5258.87,XOF,Actif
10180,193.0,AUTO,en ligne,2023-03-12,2024-03-11,23390.48,EUR,Actif
10181,110.0,Habitation,En ligne,2025-02-01,31/07/2025,8207.75,XOF,Actif  
10182,464.0,sante,Courtier,2023-12-27,26/12/2024,3910.5,XOF,Résilié
10183,521.0,Auto,en ligne  ,08/12/2023,05/06/2024,3514.15,EUR,Actif
10184,194.0,AUTO,Partenaire,2024-02-17,2024-08-15,7640.64,XOF,Résilié
10185,114.0,Habitation,Agence,2023-08-13,09/02/2024,5368.31,XOF,Actif
10186,636.0,Habitation,en ligne,17/12/2024,17/12/2026,8578.38,EUR,Suspendu
10187,209.0,Habitat,Agence,2023-12-22,2025-12-21,7605.44,XOF,resilie
10188,718.0,Santé,en ligne,2024-09-29,2025-09-29,5788.25,XOF,resilie
10189,467.0,Habitation,En ligne,2023-05-26,2023-11-22,3930.82,EUR,Suspendu
10190,,Habitation,Partenaire,2024-08-31,2025-08-31,2814.6,EUR,Résilié
10191,581.0,Habitation,Agence,2024-11-27,27/11/2025,4801.78,XOF,résilié
10192,344.0,sante,En ligne,08/04/2024,08/04/2025,-9211.42,XOF,Résilié
10193,362.0,AUTO,Partenaire  ,2023-11-05,04/11/2025,6681.16,XOF,Résilié
10194,656.0,Habitation,En ligne,22/01/2023,2023-07-21,3219.98,EUR,Actif
10195,713.0,sante,en ligne,2024-03-17,17/03/2025,6545.88,XOF,resilie
10196,696.0,Santé,En ligne,11/07/2024,11/07/2025,7278.34,XOF,Actif
10197,283.0,Santé,AGENCE,2023-11-13,11/05/2024,3858.64,XOF,Résilié
10198,581.0,sante,en ligne,2025-03-22,22/03/2026,6482.51,XOF,Actif
10199,536.0,Auto,en ligne,2023-10-24,23/10/2025,6180.19,XOF,Actif
10200,290.0,Auto,Partenaire,25/04/2025,2027-04-25,3389.76,XOF,Actif
10201,142.0,Habitation  ,en ligne,2023-12-25,24/12/2024,7178.84,XOF,Actif
10202,83.0,Habitation,en ligne,25/10/2023,22/04/2024,7945.75,XOF,Suspendu
10203,101.0,AUTO,Partenaire,03/07/2025,2026-07-03,10316.77,XOF,Résilié
10204,205.0,Santé,Agence,14/09/2023,12/03/2024,10166.99,EUR,Résilié
10205,385.0,Habitat,En ligne,12/03/2025,12/03/2026,3014.43,XOF,Actif
10206,478.0,Auto,Partenaire,2024-03-06,2025-03-06,3755.92,EUR,Actif
10207,310.0,AUTO,En ligne,2025-03-16,12/09/2025,7766.06,XOF,Actif
10208,687.0,Santé,en ligne,2023-01-07,07/01/2024,7761.21,EUR,Actif
10209,298.0,AUTO,en ligne,2024-08-02,2025-08-02,7766.1,XOF,Actif
10210,576.0,Habitat,Courtier,28/01/2025,28/01/2026,41207.1,XOF,Actif
10211,7.0,habitation,AGENCE,2025-04-04,2026-04-04,7986.0,XOF,Actif
10212,107.0,Auto,En ligne,30/04/2024,27/10/2024,10591.24,EUR,Suspendu
10213,241.0,Habitat,AGENCE,2025-05-11,11/05/2027,9672.1,XOF,Résilié
10214,23.0,Habitat,AGENCE,2023-07-09,05/01/2024,8314.0,XOF,Actif
10215,297.0,sante,Partenaire,2024-11-14,13/05/2025,5127.46,EUR,Actif
10216,436.0,sante,Agence,01/06/2023,2023-11-28,8773.44,XOF,Suspendu
10217,673.0,sante,en ligne,26/09/2024,26/09/2025,-4078.92,XOF,Actif
10218,163.0,AUTO,Partenaire,2024-01-02,2026-01-01,5332.58,XOF,Actif
10219,361.0,Habitation  ,En ligne,02/11/2024,02/11/2026,4709.41,XOF,Suspendu
10220,661.0,AUTO,en ligne,10/05/2024,2025-05-10,6253.75,EUR,Résilié
10221,603.0,Habitat,Courtier,2024-08-17,2025-08-17,19097.82,EUR,Actif
10222,512.0,Habitat,Courtier,2025-08-14,2027-08-14,2359.88,EUR,Actif
10223,394.0,Auto,Agence,2025-02-12,12/02/2026,8460.22,XOF,Actif
10224,622.0,sante,Partenaire,2024-10-08,2025-04-06,2680.19,XOF,Actif
10225,503.0,Habitation,Partenaire,2024-03-24,2026-03-24,4741.15,XOF,Actif
10226,645.0,Auto,En ligne,15/11/2024,2025-05-14,10347.24,XOF,Actif
10227,699.0,AUTO,Partenaire,17/01/2025,17/01/2027,6198.98,EUR,Actif
10228,573.0,sante,Agence  ,2025-05-23,2025-11-19,3502.13,XOF,Suspendu  
10229,306.0,AUTO,En ligne,2023-04-14,2023-10-11,4197.94,EUR,Actif
10230,297.0,Habitation,En ligne  ,2025-08-02,2026-08-02,8432.08,EUR,resilie
10231,626.0,Habitat,Agence,27/05/2024,27/05/2025,4166.44,EUR,Résilié
10232,34.0,Auto,Courtier,2023-12-13,12/12/2024,6689.06,XOF,Actif
10233,680.0,AUTO,AGENCE,2025-07-23,19/01/2026,6141.26,XOF,Suspendu
10234,427.0,Habitation,En ligne,2024-09-04,2026-09-04,4333.8,XOF,Résilié
10235,520.0,Habitation,Agence,2023-08-19,2025-08-18,17535.31,XOF,Suspendu
10236,201.0,Auto,AGENCE,01/07/2024,2026-07-01,8241.68,EUR,resilie
10237,387.0,Habitation,Agence,13/12/2024,2025-06-11,2180.76,EUR,resilie
10238,377.0,Habitation,Courtier,2023-12-27,2024-06-24,6589.46,XOF,Suspendu
10239,550.0,Auto,Agence,2024-08-04,2025-01-31,4311.78,XOF,resilie
10240,290.0,Habitation,En ligne,2023-02-14,14/02/2024,9193.18,XOF,Résilié
10241,126.0,Habitation,Partenaire,03/11/2024,2025-05-02,4038.95,XOF,Actif  
10242,310.0,Santé,En ligne,2025-08-22,2026-08-22,5668.23,XOF,resilie
10243,421.0,Habitation  ,AGENCE,2024-12-23,23/12/2026,7727.14,EUR,Actif
10244,216.0,Habitat,Partenaire,06/05/2023,2024-05-05,9254.61,XOF,Actif
10245,35.0,Auto,Agence,04/10/2023,03/10/2024,3293.98,EUR,Actif
10246,392.0,Habitation,en ligne,29/01/2024,2025-01-28,5078.39,XOF,Actif
10247,33.0,Santé,en ligne,2024-07-08,2025-07-08,4734.01,XOF,Résilié  
10248,637.0,Habitat,en ligne,20/03/2024,20/03/2025,4330.05,XOF,Actif
10249,582.0,sante,en ligne,2025-02-26,2027-02-26,14511.94,XOF,Actif  
10250,288.0,AUTO  ,En ligne,29/03/2025,29/03/2027,7350.26,XOF,Actif
10251,281.0,AUTO,Agence,2024-01-06,05/01/2025,3195.69,XOF,resilie
10252,329.0,sante,Agence,06/05/2025,2026-05-06,9498.9,XOF,Suspendu
10253,492.0,Auto,En ligne,15/10/2024,2026-10-15,17345.32,XOF,Suspendu
10254,265.0,Habitat,Courtier  ,2025-02-23,2026-02-23,10059.1,XOF,Suspendu
10255,671.0,AUTO,en ligne,2023-02-09,2023-08-08,2808.25,EUR,Résilié
10256,266.0,AUTO,Courtier,21/09/2023,2024-03-19,4712.07,XOF,Résilié
10257,455.0,AUTO,En ligne,26/04/2023,2025-04-25,11310.15,XOF,Actif
10258,290.0,Santé,Partenaire  ,27/05/2023,23/11/2023,4213.99,XOF,Résilié
10259,302.0,Habitation,AGENCE,2024-09-28,2025-03-27,7494.39,XOF,Actif
10260,321.0,AUTO,Agence,2024-06-07,07/06/2026,8842.43,XOF,Actif
10261,665.0,AUTO  ,en ligne,22/03/2023,2023-09-18,3776.43,XOF,Résilié
10262,541.0,sante,En ligne  ,28/03/2025,2025-09-24,5826.88,EUR,resilie
10263,301.0,Santé,Courtier,21/07/2025,17/01/2026,1187.22,XOF,Actif
10264,119.0,sante,En ligne,2024-12-10,08/06/2025,3596.82,EUR,resilie
10265,79.0,sante,Courtier,2025-07-25,2026-07-25,5290.75,EUR,Résilié
10266,418.0,Santé,En ligne,21/11/2024,2026-11-21,3216.69,XOF,résilié
10267,432.0,Habitation,Courtier,01/06/2024,2024-11-28,13577.99,EUR,resilie
10268,429.0,Auto,Partenaire,2023-09-27,2025-09-26,2936.37,EUR,resilie
10269,136.0,sante,en ligne,2024-06-11,11/06/2026,4817.34,EUR,Suspendu
10270,345.0,Habitat,En ligne,28/08/2024,28/08/2026,6408.43,XOF,resilie
10271,447.0,AUTO,AGENCE,2023-10-24,2024-10-23,12340.44,XOF,resilie
10272,608.0,Habitation,AGENCE,30/08/2024,2025-08-30,2927.98,EUR,suspendu
10273,506.0,Santé,Courtier,2023-12-16,2024-06-13,10738.41,EUR,Actif
10274,216.0,Santé,Agence,16/03/2024,16/03/2026,6033.71,XOF,Résilié
10275,295.0,Santé,En ligne,2023-10-08,2024-10-07,3674.77,EUR,Actif
10276,145.0,Auto,AGENCE,2023-04-09,2023-10-06,7563.22,XOF,Actif
10277,27.0,sante,AGENCE,2024-01-14,12/07/2024,6631.13,XOF,Résilié
10278,113.0,sante,En ligne,2025-01-03,2027-01-03,4446.58,XOF,Suspendu
10279,685.0,Habitat,Agence,30/04/2023,2024-04-29,6216.12,XOF,resilie
10280,283.0,Auto,Partenaire,2024-04-09,09/04/2026,4950.99,XOF,resilie
10281,572.0,Habitation,Courtier,07/11/2024,2026-11-07,6353.48,XOF,resilie
10282,272.0,Santé,Courtier,2024-04-26,2024-10-23,8358.76,EUR,Actif
10283,220.0,Habitation,en ligne,2023-01-04,2024-01-04,13266.65,XOF,Suspendu
10284,270.0,AUTO,en ligne,2024-09-20,20/09/2025,3232.76,XOF,resilie
10285,300.0,Santé  ,AGENCE,15/11/2024,15/11/2025,17439.91,EUR,resilie
10286,116.0,Habitat,Partenaire,2025-06-21,2026-06-21,2261.89,EUR,Suspendu
10287,327.0,Habitation,Partenaire,07/11/2024,06/05/2025,5564.19,XOF,resilie
10288,30.0,Santé,En ligne,25/10/2023,24/10/2024,8055.89,XOF,Suspendu
10289,453.0,Habitat,Courtier,11/03/2024,2025-03-11,6908.42,XOF,Actif
10290,420.0,Habitat,Agence,15/08/2023,2025-08-14,4396.88,XOF,Résilié
10291,21.0,Santé,En ligne,2025-01-09,2025-07-08,5409.65,EUR,Actif
10292,371.0,Habitat,Courtier,02/07/2024,2024-12-29,4691.46,XOF,Résilié
10293,340.0,Auto,AGENCE,2024-02-28,26/08/2024,4470.78,XOF,Actif
10294,44.0,Habitat  ,Courtier,2023-06-10,09/06/2024,9180.17,XOF,Actif
10295,387.0,Auto,Agence,2024-11-02,02/11/2025,7176.07,XOF,resilie
10296,555.0,sante,Courtier,11/09/2024,10/03/2025,4245.2,XOF,resilie
10297,24.0,Habitat,AGENCE,06/11/2023,05/11/2024,9412.56,EUR,Actif
10298,96.0,Habitat,AGENCE,2023-08-16,15/08/2024,-6999.89,XOF,Suspendu
10299,509.0,sante,Courtier,2025-01-15,15/01/2026,9013.07,XOF,résilié
10300,458.0,Habitation  ,en ligne,2024-01-14,2025-01-13,8224.02,XOF,resilie
10301,213.0,AUTO,Partenaire,2025-06-04,2026-06-04,3965.96,XOF,Actif
10302,259.0,Habitat,AGENCE,26/02/2024,2025-02-25,4536.49,XOF,Actif
10303,215.0,Habitat,Courtier,12/02/2025,12/02/2027,8722.37,EUR,Résilié
10304,527.0,Auto,Partenaire,2024-07-22,2026-07-22,8145.21,XOF,Actif
10305,125.0,sante,Partenaire,2023-06-20,17/12/2023,5940.5,EUR,Actif
10306,561.0,Santé,en ligne,04/03/2024,04/03/2025,6365.6,XOF,Actif
10307,381.0,Habitat,Courtier,31/07/2024,31/07/2026,11371.12,XOF,Actif
10308,216.0,sante,Agence,16/08/2025,16/08/2026,4465.85,XOF,Actif
10309,482.0,Habitat,Agence  ,10/03/2023,06/09/2023,7891.56,XOF,resilie
10310,640.0,AUTO,Courtier,24/04/2024,2026-04-24,5425.71,XOF,Actif
10311,282.0,sante,En ligne,2023-10-19,2024-10-18,5383.85,XOF,Actif
10312,106.0,Auto,Courtier,18/01/2025,17/07/2025,10398.2,XOF,Actif
10313,607.0,Habitation,Courtier,2024-09-11,2025-09-11,9069.82,EUR,Actif
10314,487.0,auto,courtier,14/06/2025,11/12/2025,9015.99,XOF,Actif
10315,335.0,sante,Partenaire,06/11/2023,05/11/2025,11530.37,XOF,Actif
10316,535.0,Habitation,en ligne,21/11/2023,2025-11-20,6066.29,XOF,Résilié
10317,574.0,sante,en ligne,28/03/2024,2025-03-28,8442.02,XOF,resilie
10318,375.0,AUTO,AGENCE,2025-05-25,25/05/2026,5140.3,XOF,resilie
10319,11.0,AUTO,En ligne,20/07/2023,2024-07-19,7059.17,XOF,Résilié
10320,260.0,Habitat,Partenaire,29/05/2024,2024-11-25,5624.73,XOF,actif
10321,260.0,Habitat,Partenaire,08/10/2023,07/10/2025,6301.22,XOF,Résilié
10322,664.0,AUTO,en ligne,2025-02-07,2027-02-07,8083.49,XOF,Actif
10323,135.0,Habitat,Agence,26/03/2023,2024-03-25,3987.38,XOF,Actif
10324,285.0,Santé,en ligne,2025-05-23,19/11/2025,17089.06,XOF,Actif
10325,681.0,AUTO,Courtier,17/02/2024,2025-02-16,3630.01,XOF,Actif
10326,46.0,Habitation,en ligne,2023-10-10,09/10/2025,3271.18,XOF,resilie
10327,360.0,Auto,AGENCE,01/05/2023,2024-04-30,10711.31,EUR,Résilié
10328,93.0,Habitat,Agence,2023-07-06,2025-07-05,8918.04,XOF,Actif
10329,384.0,Habitat,Courtier,2024-04-16,13/10/2024,8201.4,XOF,Actif
10330,294.0,Habitation  ,Courtier,02/07/2023,2024-07-01,8218.74,XOF,Résilié
10331,303.0,Santé,AGENCE,23/09/2023,22/09/2025,5966.27,EUR,Actif
10332,536.0,AUTO,Partenaire,2024-04-05,2026-04-05,3832.88,XOF,Actif
10333,445.0,AUTO,AGENCE,22/12/2023,2025-12-21,6234.8,XOF,Actif  
10334,216.0,Auto,AGENCE,2023-09-22,20/03/2024,4278.76,EUR,Actif
10335,601.0,Auto,En ligne,2023-11-27,26/11/2024,9774.77,EUR,resilie
10336,9.0,Auto,Courtier,12/06/2023,11/06/2024,5577.36,EUR,Actif
10337,560.0,AUTO,en ligne,10/07/2023,06/01/2024,3972.9,EUR,Résilié
10338,250.0,Habitat,Partenaire,16/09/2023,2025-09-15,5111.8,XOF,Résilié
10339,240.0,Santé,AGENCE,20/02/2025,2027-02-20,7379.53,XOF,Suspendu
10340,171.0,Habitation,en ligne,02/08/2025,2026-08-02,4528.46,XOF,Résilié
10341,317.0,sante,Agence,2025-03-22,2025-09-18,3979.41,XOF,Suspendu
10342,309.0,sante,Agence,2023-11-11,2024-05-09,6780.75,XOF,actif
10343,384.0,AUTO,en ligne,06/01/2023,2024-01-06,6785.09,XOF,Actif
10344,685.0,Santé  ,Courtier,21/01/2024,20/01/2025,4658.87,XOF,Actif
10345,691.0,sante,en ligne  ,2025-01-17,2026-01-17,4743.26,EUR,Résilié  
10346,183.0,Auto,AGENCE  ,25/02/2025,2025-08-24,6741.41,XOF,Actif
10347,142.0,auto,En ligne,26/05/2024,2024-11-22,2910.14,XOF,Actif
10348,292.0,sante,Courtier,2023-11-15,14/11/2024,2969.85,EUR,Actif  
10349,109.0,Habitat  ,Partenaire,2024-04-21,2024-10-18,4191.35,XOF,resilie  
10350,589.0,Habitat,Partenaire  ,03/06/2024,2025-06-03,5395.26,EUR,Actif  
10351,265.0,sante,AGENCE,29/01/2025,29/01/2027,7012.53,XOF,Résilié
10352,548.0,sante,en ligne,2024-01-09,2024-07-07,-12552.54,XOF,Suspendu
10353,605.0,Santé,Agence,2023-09-22,20/03/2024,9217.23,EUR,Suspendu
10354,52.0,Habitat,En ligne,2025-06-29,29/06/2027,5541.56,XOF,Actif
10355,366.0,Auto,AGENCE,2024-03-03,30/08/2024,5946.11,EUR,Actif
10356,545.0,Auto  ,Courtier,2025-01-26,26/01/2026,3636.35,XOF,Actif
10357,282.0,AUTO,Partenaire,2023-12-20,2024-12-19,5947.6,XOF,resilie  
10358,40.0,Habitat,Agence,31/05/2023,30/05/2025,5196.14,XOF,Suspendu
10359,23.0,Auto,Partenaire,2023-07-08,2025-07-07,7054.06,XOF,resilie  
10360,311.0,Santé,AGENCE,22/09/2024,2026-09-22,3969.46,XOF,resilie
10361,448.0,Auto,AGENCE,09/10/2023,2025-10-08,7782.81,XOF,Actif
10362,280.0,Habitat,Courtier,06/01/2023,06/01/2024,12917.9,XOF,actif
10363,,Santé,Courtier,2023-11-22,20/05/2024,5685.19,XOF,Actif
10364,624.0,AUTO,Partenaire,26/04/2025,2026-04-26,7338.25,EUR,resilie  
10365,328.0,sante,Courtier,2023-12-21,20/12/2024,8476.66,XOF,Suspendu
10366,34.0,Santé,Agence,2024-11-07,07/11/2026,4911.77,XOF,resilie
10367,323.0,AUTO,Courtier,07/04/2024,07/04/2026,6714.65,EUR,Actif
10368,24.0,AUTO,Courtier,08/02/2025,2026-02-08,6040.83,EUR,Actif
10369,224.0,Habitat,Partenaire,05/08/2023,01/02/2024,6303.36,XOF,Actif
10370,429.0,Habitat,Agence,11/07/2025,11/07/2027,4078.54,XOF,Actif
10371,414.0,Habitation  ,Partenaire,21/05/2024,2025-05-21,6076.93,XOF,Suspendu
10372,343.0,sante,AGENCE,20/02/2025,20/02/2026,7700.18,XOF,resilie
10373,652.0,AUTO,Agence,30/01/2023,2025-01-29,12401.49,XOF,Actif
10374,256.0,Santé,Agence,20/06/2023,2025-06-19,9697.62,EUR,resilie
10375,166.0,Habitat,Courtier,13/04/2024,2025-04-13,17616.5,XOF,Actif
10376,32.0,AUTO,Partenaire,2023-07-31,2025-07-30,4090.11,EUR,Suspendu
10377,513.0,Habitat  ,Agence,2024-10-18,2025-04-16,9285.04,XOF,Actif
10378,417.0,sante,En ligne,2025-06-06,2027-06-06,6579.22,EUR,suspendu
10379,62.0,AUTO,en ligne,27/10/2023,26/10/2024,17942.03,XOF,Actif
10380,107.0,sante,en ligne,30/05/2023,2024-05-29,4007.21,XOF,resilie
10381,495.0,Auto  ,Partenaire,04/08/2023,2024-08-03,3944.74,XOF,Actif
10382,351.0,Habitat,En ligne,30/10/2023,2025-10-29,4448.42,EUR,Actif
10383,152.0,AUTO,En ligne,18/06/2024,18/06/2025,2075.7,XOF,Actif
10384,163.0,Habitat,En ligne,2024-08-04,2026-08-04,4615.26,XOF,Suspendu
10385,300.0,Habitation,AGENCE  ,29/05/2025,2026-05-29,4106.94,XOF,resilie
10386,266.0,Habitation,En ligne,2024-01-08,07/01/2026,6471.72,EUR,Suspendu
10387,388.0,sante,Partenaire,2025-06-05,2026-06-05,7121.53,XOF,Résilié
10388,317.0,Habitat,Agence,2023-07-31,27/01/2024,15337.95,XOF,Actif
10389,584.0,AUTO,Courtier,2025-07-23,23/07/2027,9654.81,XOF,resilie
10390,409.0,AUTO,AGENCE  ,2024-10-03,2025-04-01,4498.72,XOF,Résilié
10391,536.0,Habitat  ,Courtier,2023-09-11,09/03/2024,3830.66,XOF,resilie
10392,624.0,Habitat,Agence,2023-09-30,29/09/2025,7676.81,XOF,Actif
10393,234.0,Auto,En ligne,2023-09-07,2025-09-06,3102.25,EUR,Suspendu
10394,453.0,Habitation,AGENCE,27/03/2023,26/03/2024,14998.86,XOF,Actif
10395,596.0,Habitat,AGENCE,16/03/2024,2024-09-12,10826.15,EUR,resilie
10396,417.0,AUTO,Partenaire,07/09/2024,07/09/2025,4747.68,EUR,resilie
10397,545.0,Santé,en ligne,12/09/2023,2024-09-11,2548.94,XOF,resilie
10398,187.0,Habitation,Courtier,2024-05-14,10/11/2024,11812.77,XOF,Résilié
10399,97.0,Habitation,Courtier,2025-08-05,2026-08-05,5668.78,XOF,resilie
10400,514.0,AUTO,Courtier,2023-11-09,08/11/2024,11146.8,EUR,Actif
10401,406.0,Santé,AGENCE,15/03/2025,11/09/2025,2704.81,XOF,Résilié
10402,276.0,Santé,En ligne,23/08/2023,22/08/2024,4448.46,EUR,Actif
10403,436.0,sante,Agence,30/07/2024,30/07/2025,6018.67,EUR,Actif
10404,144.0,Habitat,en ligne,12/04/2024,12/04/2025,6145.59,XOF,resilie
10405,25.0,Habitat,Courtier,2023-11-26,25/11/2024,4793.27,EUR,Actif
10406,110.0,Habitat,AGENCE,18/03/2023,2023-09-14,8196.19,XOF,Actif
10407,400.0,AUTO  ,AGENCE,05/12/2024,2026-12-05,3519.91,EUR,Actif
10408,655.0,Auto,Partenaire,2023-12-17,2024-12-16,5590.42,XOF,suspendu
10409,424.0,Habitation,AGENCE,2025-04-24,21/10/2025,6375.05,XOF,Résilié
10410,587.0,Santé,en ligne,2024-07-13,2026-07-13,7763.74,XOF,Résilié
10411,70.0,sante,en ligne,2025-06-10,2027-06-10,8568.15,XOF,Actif
10412,234.0,Habitat,En ligne,16/04/2024,2025-04-16,3420.97,XOF,Actif
10413,658.0,AUTO,Agence  ,25/02/2024,2025-02-24,2787.62,EUR,Suspendu
10414,33.0,Habitat  ,Agence,2024-05-31,2025-05-31,11371.19,EUR,Actif
10415,116.0,AUTO,en ligne,2024-06-28,2024-12-25,7087.99,XOF,Résilié
10416,442.0,Habitat  ,Courtier  ,17/04/2025,2026-04-17,4128.86,EUR,Suspendu
10417,590.0,Santé,Agence,14/12/2023,2024-12-13,-13037.38,EUR,Actif
10418,331.0,Santé,AGENCE,13/03/2024,2024-09-09,6360.34,XOF,Actif
10419,589.0,Habitation,En ligne,2025-08-05,2026-08-05,10825.38,XOF,Actif
10420,617.0,Auto,En ligne,25/08/2025,2026-02-21,6209.03,XOF,Résilié
10421,207.0,Habitation,En ligne,2023-11-07,2024-05-05,16820.84,EUR,Actif
10422,451.0,Habitat,Courtier,07/05/2023,2024-05-06,14438.74,XOF,Suspendu
10423,409.0,Auto,Courtier,2023-07-23,2024-01-19,5300.3,EUR,Résilié
10424,124.0,sante,Courtier,2025-08-21,2026-08-21,9757.44,XOF,resilie
10425,,sante,Partenaire,04/05/2024,2025-05-04,8289.03,XOF,Suspendu
10426,318.0,Habitat,Agence,06/05/2025,02/11/2025,-11900.26,EUR,resilie
10427,282.0,Habitation,Courtier,2025-01-17,2027-01-17,3705.37,XOF,Actif
10428,144.0,Habitation,en ligne,12/12/2024,12/12/2025,8459.33,XOF,Actif
10429,162.0,Habitat,en ligne,2024-03-05,01/09/2024,10190.51,XOF,Résilié
10430,113.0,sante,en ligne,16/03/2025,12/09/2025,2491.48,XOF,Suspendu
10431,30.0,Auto,en ligne,2025-03-13,09/09/2025,3322.16,XOF,Actif
10432,387.0,Santé,Courtier,2025-02-19,19/02/2027,2165.45,XOF,Actif
10433,116.0,AUTO,en ligne,2024-05-02,02/05/2025,5246.4,EUR,Résilié
10434,264.0,Auto,Partenaire,12/05/2023,2024-05-11,8593.58,XOF,Résilié
10435,528.0,Auto,en ligne,13/05/2023,09/11/2023,12723.15,XOF,resilie
10436,108.0,Santé,En ligne,13/09/2023,11/03/2024,6229.48,XOF,Actif
10437,135.0,Habitat,Agence,02/12/2023,2024-12-01,13552.25,XOF,resilie
10438,187.0,Santé,Agence,15/01/2023,14/07/2023,3010.76,XOF,Actif
10439,193.0,sante,AGENCE,05/10/2024,05/10/2026,2561.4,EUR,Suspendu
10440,287.0,Habitation,En ligne,02/11/2024,02/11/2026,5838.48,XOF,Actif
10441,468.0,Santé,Partenaire,2024-11-10,2025-05-09,7273.79,XOF,Résilié
10442,469.0,Habitation,En ligne,29/04/2025,26/10/2025,5905.58,XOF,Résilié
10443,85.0,auto,Courtier,2025-06-06,2027-06-06,2135.12,XOF,Suspendu
10444,204.0,Habitation,AGENCE,2025-01-21,21/01/2027,5741.29,XOF,Résilié
10445,711.0,Habitat,Courtier,2025-08-27,2027-08-27,3126.8,XOF,Actif
10446,625.0,sante,En ligne,10/03/2024,06/09/2024,8390.34,XOF,Actif
10447,480.0,Habitat,AGENCE,26/11/2023,2024-05-24,7210.54,XOF,Actif
10448,628.0,sante,Courtier  ,2024-08-31,27/02/2025,3752.06,XOF,Suspendu  
10449,662.0,Auto,Courtier,05/03/2024,2025-03-05,4642.77,XOF,Actif
10450,127.0,Habitat,En ligne,13/01/2025,2027-01-13,3534.73,XOF,Actif
10451,534.0,Habitation,en ligne  ,15/11/2023,14/11/2025,5817.7,XOF,resilie
10452,555.0,Habitat,En ligne,30/01/2025,2027-01-30,9677.62,EUR,Actif
10453,262.0,Habitat  ,en ligne,26/04/2023,25/04/2025,3667.03,EUR,Suspendu
10454,106.0,Habitat,Partenaire,01/04/2023,31/03/2025,7723.5,XOF,Actif
10455,108.0,Santé,Partenaire,04/06/2025,04/06/2026,4604.88,XOF,Actif
10456,104.0,AUTO,Partenaire,31/12/2024,2025-12-31,4038.24,XOF,Résilié
10457,500.0,Habitat,Partenaire,2024-07-28,2026-07-28,5690.11,EUR,Résilié
10458,659.0,Habitation,En ligne,11/04/2023,10/04/2025,3577.35,XOF,Actif
10459,41.0,AUTO,Agence,22/12/2023,21/12/2025,4551.33,EUR,Suspendu
10460,27.0,Santé,Agence  ,10/08/2023,09/08/2025,3297.97,XOF,Actif
10461,468.0,Habitation,En ligne,19/05/2025,2026-05-19,16032.33,XOF,resilie
10462,716.0,AUTO,en ligne,12/10/2024,12/10/2025,6109.69,XOF,Actif
10463,177.0,AUTO,en ligne,2025-05-14,14/05/2026,4230.76,XOF,Actif
10464,104.0,AUTO,Partenaire,2025-07-25,25/07/2027,6680.78,XOF,resilie
10465,498.0,Habitation,en ligne,2023-12-26,2024-12-25,5675.06,EUR,Actif
10466,318.0,sante,AGENCE,2025-07-19,2027-07-19,5375.01,XOF,Résilié
10467,613.0,Santé,AGENCE,25/07/2025,25/07/2027,8160.68,EUR,Actif
10468,395.0,Auto,En ligne,2023-04-17,16/04/2025,8767.03,XOF,Résilié
10469,252.0,Habitat,Courtier,2024-07-15,2025-01-11,4604.32,XOF,Actif
10470,222.0,AUTO,Partenaire,29/05/2023,25/11/2023,4501.16,XOF,Actif
10471,582.0,Habitat,AGENCE,16/07/2023,15/07/2024,5231.61,XOF,Résilié
10472,373.0,Habitation,En ligne,02/04/2025,2026-04-02,1898.92,EUR,Actif
10473,138.0,Auto,agence,26/11/2023,25/11/2025,2814.12,XOF,Résilié
10474,619.0,AUTO  ,Courtier,22/08/2023,21/08/2025,11889.81,XOF,resilie
10475,55.0,Auto,Courtier,2024-04-16,16/04/2026,13663.51,EUR,Suspendu
10476,59.0,habitat,En ligne  ,2025-07-06,06/07/2026,5300.11,EUR,resilie
10477,29.0,Habitation,Partenaire,2024-12-31,31/12/2026,8008.66,EUR,Suspendu  
10478,714.0,AUTO,Partenaire,2024-11-21,21/11/2025,7013.73,XOF,Actif
10479,625.0,Auto,AGENCE,2023-02-24,23/02/2025,27985.46,XOF,Résilié
10480,200.0,sante,en ligne,2023-09-12,11/09/2025,10506.9,XOF,Actif
10481,414.0,sante,Courtier,10/08/2024,2026-08-10,5630.99,EUR,Suspendu
10482,364.0,Habitation,En ligne,01/07/2023,2025-06-30,3722.79,EUR,Actif
10483,663.0,AUTO,En ligne,2024-10-10,2025-04-08,2688.6,XOF,Suspendu
10484,,AUTO,Agence,2024-11-30,30/11/2025,6645.74,XOF,Actif
10485,29.0,Habitation,en ligne,30/03/2025,2027-03-30,4112.66,XOF,Actif  
10486,354.0,Habitation,Partenaire,2023-04-10,2025-04-09,2947.97,XOF,Résilié  
10487,456.0,Auto,En ligne  ,01/02/2023,2025-01-31,4344.71,XOF,Résilié
10488,185.0,AUTO,Courtier,27/08/2024,27/08/2026,3495.48,XOF,Actif
10489,562.0,Auto,En ligne,2025-05-01,01/05/2026,13954.69,EUR,Actif  
10490,503.0,sante,en ligne,2023-07-12,2024-07-11,9328.41,XOF,Actif
10491,329.0,Santé,En ligne,2025-07-22,22/07/2027,5979.03,EUR,Résilié
10492,300.0,Auto,Partenaire,2025-08-24,24/08/2027,12581.37,EUR,Suspendu
10493,575.0,Santé,en ligne,2024-05-10,2026-05-10,6239.68,EUR,Actif
10494,92.0,Auto,AGENCE,2023-11-11,2025-11-10,3902.44,XOF,resilie
10495,395.0,Habitat  ,AGENCE,2023-07-12,11/07/2024,12855.95,XOF,resilie
10496,46.0,Habitation,en ligne,21/07/2025,2026-01-17,7859.32,XOF,Suspendu  
10497,508.0,Habitation,en ligne  ,2023-07-31,30/07/2025,-3573.77,XOF,Actif
10498,247.0,Santé,Partenaire,2024-11-06,2025-11-06,5457.96,XOF,Suspendu
10499,253.0,Habitat,en ligne,28/09/2024,2026-09-28,3874.57,XOF,Suspendu
10500,,sante,Partenaire,24/01/2025,2026-01-24,3006.71,EUR,resilie
10501,500.0,Auto,en ligne,17/09/2023,2025-09-16,9538.47,XOF,resilie
10502,229.0,sante,Agence,2023-03-14,13/03/2025,15595.04,XOF,Actif
10503,263.0,Santé,AGENCE,28/11/2024,2026-11-28,2983.09,EUR,actif
10504,405.0,Habitation,courtier,2025-04-22,19/10/2025,7954.43,XOF,Résilié
10505,115.0,Habitat,Agence,2023-08-23,19/02/2024,4335.88,EUR,Actif
10506,449.0,Habitat  ,AGENCE,2025-01-26,2025-07-25,4705.26,EUR,Résilié
10507,45.0,Santé,Courtier,05/08/2024,01/02/2025,4464.01,XOF,Actif
10508,660.0,AUTO,Agence,2023-02-27,2024-02-27,3897.16,EUR,Actif
10509,344.0,Auto,Courtier,04/11/2024,2026-11-04,6150.33,EUR,Actif
10510,326.0,Auto,AGENCE,2023-02-28,27/08/2023,3962.08,XOF,Suspendu
10511,147.0,AUTO,Agence,12/07/2025,2026-01-08,6872.12,XOF,Actif
10512,644.0,sante,AGENCE,06/02/2023,05/02/2025,5854.0,XOF,Actif
10513,397.0,Santé,En ligne,05/04/2024,05/04/2026,5326.91,XOF,resilie
10514,157.0,Habitat,en ligne,2024-04-10,10/04/2026,3813.18,XOF,Actif  
10515,165.0,Habitation,Agence,12/01/2024,11/01/2026,4499.02,XOF,Suspendu
10516,555.0,Santé  ,Courtier,22/05/2025,18/11/2025,8757.76,EUR,Actif
10517,472.0,Santé,En ligne,21/01/2025,2026-01-21,7711.43,EUR,Suspendu
10518,211.0,Habitat,en ligne,09/09/2023,07/03/2024,3682.04,XOF,Résilié
10519,419.0,sante,Agence,19/01/2024,18/01/2026,6308.58,XOF,Actif
10520,639.0,Habitation,en ligne,27/02/2024,25/08/2024,8740.25,XOF,Actif
10521,454.0,Habitation,En ligne,2023-01-25,24/01/2025,2605.29,XOF,Suspendu
10522,203.0,Habitat,Courtier,04/06/2023,03/06/2024,7876.82,XOF,Suspendu
10523,628.0,Auto,Agence,2024-06-27,2026-06-27,4309.98,XOF,resilie
10524,55.0,Habitation,Courtier,06/12/2023,2024-06-03,7984.83,XOF,Actif
10525,324.0,Santé,En ligne,2024-08-20,2025-08-20,4098.48,EUR,Actif
10526,156.0,sante,Courtier,17/06/2023,16/06/2024,2434.65,XOF,Résilié
10527,256.0,Auto,Courtier,27/04/2023,26/04/2025,2660.39,XOF,Suspendu
10528,175.0,Habitation,Partenaire  ,2025-02-24,23/08/2025,6148.99,XOF,Suspendu
10529,581.0,Habitation,AGENCE,19/12/2023,18/12/2024,6835.34,XOF,Actif
10530,114.0,Habitat,Agence,15/08/2025,15/08/2027,-3819.37,XOF,resilie
10531,605.0,Santé,AGENCE,2024-03-03,30/08/2024,8260.96,XOF,Actif
10532,171.0,sante,Partenaire,23/02/2023,2025-02-22,2615.58,XOF,resilie
10533,673.0,Habitation,AGENCE,2024-04-14,2026-04-14,5807.82,XOF,Actif
10534,205.0,Habitat,En ligne,15/07/2025,15/07/2026,3276.37,EUR,Suspendu
10535,525.0,Santé,en ligne,24/05/2025,2026-05-24,4333.29,EUR,resilie
10536,274.0,auto,Agence,2023-03-27,2024-03-26,6146.88,XOF,resilie
10537,110.0,AUTO,Courtier,2023-09-06,2024-03-04,-3904.14,XOF,Actif  
10538,14.0,sante,en ligne,24/01/2025,2026-01-24,4952.87,XOF,Actif
10539,58.0,Habitation,Agence,2024-12-22,2025-06-20,9928.32,XOF,resilie
10540,703.0,Santé,en ligne,2023-08-27,23/02/2024,4498.75,XOF,resilie
10541,508.0,Habitat  ,AGENCE,2024-09-11,11/09/2026,9116.54,XOF,suspendu
10542,7.0,AUTO,AGENCE,2023-03-23,2023-09-19,3412.32,XOF,Actif
10543,78.0,Habitat,AGENCE,12/07/2023,08/01/2024,7823.62,XOF,Actif
10544,293.0,AUTO,Agence,12/08/2023,11/08/2024,12342.26,XOF,Actif
10545,67.0,Auto,AGENCE,05/03/2023,2023-09-01,1744.42,EUR,Actif
10546,457.0,Santé,en ligne,2023-01-13,12/01/2025,4030.12,XOF,Actif
10547,327.0,sante,En ligne,2024-04-06,2025-04-06,8010.72,EUR,actif
10548,44.0,Santé,Partenaire  ,08/12/2024,08/12/2025,5423.4,EUR,Suspendu
10549,146.0,Santé,Partenaire,2025-01-25,25/01/2026,7226.95,EUR,Actif
10550,445.0,Habitation,Courtier,2025-03-21,2027-03-21,4438.21,XOF,Actif
10551,154.0,Habitation,En ligne,05/10/2023,2024-10-04,6268.52,XOF,Actif
10552,622.0,Habitation,Partenaire,2025-01-11,11/01/2026,5553.38,EUR,Suspendu
10553,69.0,Habitation,AGENCE  ,28/11/2023,2025-11-27,10763.23,EUR,Résilié
10554,14.0,Habitat  ,AGENCE,12/11/2023,2025-11-11,6817.24,XOF,Actif
10555,543.0,Santé,AGENCE,16/10/2023,2024-10-15,-7106.76,XOF,resilie
10556,379.0,Santé,en ligne,03/03/2024,30/08/2024,4885.67,XOF,Actif
10557,592.0,Habitat,AGENCE,2025-03-23,2026-03-23,4704.13,XOF,Actif
10558,256.0,Auto,Partenaire,2024-05-15,15/05/2026,4835.41,EUR,Actif
10559,503.0,Habitation,En ligne,2024-04-18,18/04/2026,7311.66,XOF,Actif
10560,,Santé,AGENCE,30/04/2024,2024-10-27,4863.47,XOF,resilie
10561,328.0,AUTO  ,AGENCE,2024-05-11,11/05/2025,6938.82,XOF,resilie
10562,200.0,sante,en ligne,2024-06-20,20/06/2026,16944.53,XOF,Actif
10563,148.0,sante,Agence,31/10/2023,28/04/2024,9279.49,XOF,resilie
10564,152.0,sante,En ligne,2024-04-02,02/04/2026,5099.96,EUR,Résilié
10565,203.0,Habitation,En ligne,2024-12-24,2026-12-24,10944.66,EUR,Actif
10566,335.0,habitat,Partenaire,2024-07-19,19/07/2025,4894.96,XOF,Actif
10567,406.0,AUTO,AGENCE,2023-07-02,2024-07-01,2166.65,XOF,resilie
10568,136.0,AUTO  ,Courtier,2024-05-23,2024-11-19,3626.26,XOF,Actif
10569,366.0,sante,Partenaire,2023-12-13,10/06/2024,2355.73,EUR,Actif
10570,406.0,Auto,En ligne,2024-12-12,2025-06-10,5035.37,XOF,actif
10571,700.0,Habitation,Partenaire,2024-07-25,2025-01-21,6058.45,XOF,resilie
10572,239.0,sante,en ligne,30/08/2025,2026-02-26,13880.2,XOF,Résilié
10573,297.0,Habitation,AGENCE,2024-05-19,2024-11-15,7068.92,EUR,Résilié
10574,504.0,AUTO,Courtier,08/01/2023,2024-01-08,5380.03,XOF,Résilié
10575,8.0,AUTO,Partenaire,2025-07-26,2027-07-26,9087.93,XOF,Actif
10576,263.0,Habitat,En ligne,09/12/2023,2024-06-06,1987.1,XOF,Actif  
10577,668.0,Auto,Partenaire,2024-11-18,2026-11-18,6753.44,EUR,Actif
10578,584.0,AUTO,En ligne,23/01/2025,23/01/2027,8825.78,XOF,resilie
10579,642.0,Santé,Agence,2023-08-24,2025-08-23,2866.1,XOF,Actif
10580,212.0,sante,AGENCE,2024-05-26,26/05/2026,10634.69,EUR,resilie
10581,612.0,Auto,Agence,2023-10-20,2025-10-19,7109.93,XOF,Actif
10582,1.0,Habitation,Agence,2023-11-07,06/11/2024,4877.34,EUR,resilie  
10583,196.0,Habitat,Agence,09/03/2024,2026-03-09,8237.0,XOF,Actif
10584,310.0,Habitat,en ligne,2023-05-26,25/05/2024,18682.57,EUR,Actif
10585,116.0,AUTO,en ligne,30/03/2023,29/03/2025,6574.36,XOF,Suspendu
10586,577.0,Habitat,Partenaire,2024-05-06,2024-11-02,6796.14,XOF,Actif
10587,477.0,Habitat,Agence,27/02/2024,25/08/2024,4771.04,XOF,Résilié
10588,208.0,Habitation  ,Courtier,01/04/2025,2026-04-01,3924.83,XOF,resilie
10589,46.0,sante,Courtier,2025-06-13,13/06/2027,9092.16,EUR,Résilié
10590,613.0,Habitat,En ligne,2024-01-12,11/01/2025,3912.6,EUR,Résilié
10591,356.0,Santé,En ligne,2024-02-21,19/08/2024,6221.6,EUR,Actif
10592,418.0,Habitation,En ligne,04/01/2024,03/01/2025,4727.59,XOF,Résilié
10593,553.0,Habitat,Courtier,01/06/2025,2027-06-01,7627.31,XOF,Actif
10594,588.0,Auto,AGENCE,2023-05-23,2023-11-19,7092.77,EUR,Actif
10595,261.0,Habitat,En ligne,14/08/2025,2027-08-14,10084.65,XOF,resilie
10596,383.0,Habitat  ,Partenaire,2024-07-15,2025-07-15,4651.72,EUR,Actif
10597,,AUTO,Agence,09/06/2023,2025-06-08,5245.17,XOF,resilie
10598,712.0,Habitation,AGENCE,2025-08-30,2026-08-30,3679.82,XOF,Suspendu
10599,32.0,Habitat,Agence,2023-10-30,27/04/2024,4807.12,XOF,Actif
10600,122.0,Santé,En ligne,08/03/2024,08/03/2025,7249.23,EUR,Actif
10601,439.0,Auto,en ligne,26/09/2024,2026-09-26,8764.76,EUR,resilie
10602,360.0,Auto,partenaire,01/02/2023,01/02/2024,3785.44,EUR,Suspendu
10603,390.0,Auto,Agence,2023-02-09,2024-02-09,9272.45,XOF,Suspendu
10604,346.0,AUTO,en ligne,05/09/2023,2025-09-04,11823.2,EUR,Actif
10605,98.0,Auto,AGENCE,11/01/2023,2025-01-10,7381.39,XOF,Résilié
10606,475.0,Auto,En ligne,2023-10-09,08/10/2025,15342.74,EUR,Résilié
10607,463.0,sante,Agence,2023-10-28,2024-04-25,4076.95,XOF,Actif
10608,498.0,Habitation,Partenaire,2023-09-13,11/03/2024,3221.73,EUR,resilie
10609,349.0,Habitat,Agence,2025-06-05,2027-06-05,2466.71,EUR,Actif
10610,620.0,Habitat,Partenaire,2024-07-30,26/01/2025,12683.06,EUR,Suspendu
10611,109.0,Habitat  ,Partenaire,2024-03-04,2025-03-04,8326.37,XOF,Actif
10612,681.0,Habitation,Agence,2024-01-02,2025-01-01,5838.37,EUR,Résilié
10613,192.0,Santé,AGENCE,11/11/2024,10/05/2025,6904.88,EUR,resilie  
10614,673.0,Habitation  ,Courtier,2023-07-09,08/07/2025,3419.52,EUR,Actif
10615,719.0,Auto,Agence,05/02/2024,2024-08-03,20391.55,XOF,Actif
10616,141.0,sante,Partenaire,24/11/2023,2024-05-22,6403.57,EUR,Actif
10617,398.0,AUTO,Courtier,2024-07-20,20/07/2026,6340.4,XOF,Actif
10618,75.0,Habitat,en ligne,2024-08-02,29/01/2025,8628.99,XOF,resilie
10619,443.0,Habitat,En ligne,13/02/2023,13/02/2024,7635.05,EUR,Actif
10620,231.0,AUTO,Partenaire,2025-02-05,2025-08-04,6713.95,EUR,Résilié
10621,295.0,Auto,AGENCE,2024-05-24,2024-11-20,4043.08,EUR,Résilié
10622,41.0,Santé,En ligne,14/01/2024,13/01/2025,7598.71,EUR,Actif
10623,482.0,AUTO,en ligne,2024-06-07,07/06/2025,15382.91,EUR,resilie
10624,709.0,Santé,En ligne,2024-05-16,16/05/2025,11762.95,XOF,Actif
10625,332.0,Habitation,En ligne,17/07/2025,13/01/2026,13314.29,XOF,Actif
10626,435.0,Habitation,en ligne,16/11/2024,2026-11-16,4648.93,XOF,Résilié
10627,371.0,AUTO,AGENCE,2024-12-30,2026-12-30,3659.92,XOF,Actif  
10628,299.0,Santé,Courtier,15/10/2024,13/04/2025,5637.0,XOF,Résilié
10629,496.0,Santé,AGENCE,2025-01-04,04/01/2026,6172.52,EUR,Résilié
10630,386.0,Santé,Partenaire,12/04/2025,12/04/2027,10374.39,EUR,Actif
10631,431.0,sante,AGENCE,2023-07-23,22/07/2024,2575.42,XOF,Suspendu
10632,321.0,Auto,Agence,2023-05-03,30/10/2023,12897.32,XOF,Actif
10633,549.0,Habitation,Agence  ,2023-10-02,2024-03-30,5546.91,XOF,resilie
10634,640.0,Habitation,AGENCE,06/01/2025,06/01/2026,4849.15,XOF,Suspendu
10635,156.0,sante,Courtier,2023-01-24,2025-01-23,3618.98,XOF,Actif
10636,629.0,sante  ,Courtier  ,2023-10-04,03/10/2024,2624.31,XOF,Actif  
10637,,habitat,En ligne,28/07/2025,24/01/2026,9059.65,XOF,Actif
10638,238.0,Habitation,en ligne,13/04/2023,10/10/2023,6227.06,EUR,resilie
10639,279.0,AUTO,En ligne,30/07/2023,2025-07-29,3149.56,EUR,suspendu
10640,631.0,Auto,AGENCE,02/02/2024,2025-02-01,3141.52,XOF,Actif
10641,213.0,Habitat,En ligne,2023-08-12,11/08/2024,5075.13,XOF,Suspendu
10642,481.0,sante,en ligne,2023-01-25,24/01/2025,13828.83,XOF,resilie
10643,369.0,sante,Agence,26/01/2024,24/07/2024,5272.21,EUR,Suspendu
10644,276.0,AUTO,en ligne,2024-01-11,2025-01-10,2831.12,EUR,Actif
10645,374.0,Auto,AGENCE  ,2023-02-19,18/08/2023,5308.84,XOF,resilie
10646,262.0,Santé,Courtier,2024-04-08,05/10/2024,5237.7,XOF,Actif
10647,534.0,Habitat,en ligne,2023-03-10,06/09/2023,1558.62,XOF,Résilié
10648,434.0,Habitation,AGENCE,2025-07-05,2026-01-01,5842.14,XOF,Actif
10649,276.0,Santé,en ligne,2025-04-16,2025-10-13,5348.29,XOF,suspendu
10650,192.0,AUTO,Agence,2023-09-09,07/03/2024,8502.4,XOF,Actif
10651,50.0,Santé,AGENCE,25/04/2024,22/10/2024,15130.65,XOF,Actif
10652,180.0,Auto,Agence,28/12/2024,2025-06-26,-10543.69,XOF,Actif
10653,472.0,sante,AGENCE,25/06/2024,25/06/2025,5247.76,EUR,Résilié
10654,592.0,sante,Courtier,05/01/2025,2027-01-05,3452.1,EUR,Actif
10655,212.0,sante,Partenaire,17/03/2023,16/03/2025,21735.02,XOF,Actif
10656,323.0,Habitat  ,Courtier,13/05/2024,2024-11-09,6183.31,XOF,Actif
10657,310.0,sante,En ligne,10/02/2024,08/08/2024,6044.87,XOF,Actif
10658,477.0,Auto,Courtier,2024-01-16,2024-07-14,5930.94,EUR,Actif
10659,55.0,Auto,AGENCE,25/12/2023,24/12/2024,6627.89,EUR,resilie
10660,565.0,Habitation,En ligne,2024-05-03,2024-10-30,5584.89,EUR,Actif
10661,150.0,Habitation,en ligne,01/02/2025,2027-02-01,4506.02,XOF,Actif
10662,343.0,Santé,En ligne,2025-03-28,2027-03-28,4566.81,EUR,Actif
10663,500.0,Habitat,en ligne,2024-03-19,2026-03-19,5905.41,XOF,resilie
10664,387.0,Santé,Courtier,2023-12-05,2025-12-04,4574.66,EUR,resilie
10665,394.0,Auto,Courtier,2023-10-10,09/10/2024,4203.1,XOF,Actif
10666,428.0,Habitation,Agence,2025-03-29,2025-09-25,6331.01,EUR,Résilié
10667,272.0,Habitation,en ligne,14/01/2025,2026-01-14,5284.38,XOF,Actif
10668,471.0,Santé,AGENCE  ,11/04/2025,11/04/2026,12733.56,XOF,Suspendu
10669,684.0,Habitation,Courtier,2024-11-29,29/11/2026,1594.82,XOF,Résilié
10670,337.0,sante,Agence,20/08/2025,20/08/2027,10360.48,XOF,Suspendu
10671,152.0,Habitation,Agence,22/07/2024,18/01/2025,11192.99,XOF,Actif
10672,430.0,AUTO,Partenaire,2024-08-03,03/08/2025,2128.78,XOF,Actif
10673,59.0,Auto,En ligne,22/03/2024,2025-03-22,5057.64,EUR,Actif
10674,499.0,sante,Courtier  ,19/06/2025,2026-06-19,4985.45,EUR,Résilié  
10675,169.0,Auto,Agence,2023-12-11,2024-06-08,2969.78,XOF,Résilié
10676,9.0,Habitat,en ligne,2023-06-03,2025-06-02,-4068.75,EUR,Suspendu
10677,182.0,Habitat,En ligne,2023-02-03,2023-08-02,3445.11,XOF,Actif
10678,318.0,Auto,AGENCE,2023-12-05,2024-06-02,14416.59,XOF,Résilié
10679,401.0,AUTO,AGENCE  ,2025-04-23,23/04/2026,9583.89,XOF,Actif
10680,474.0,auto,Agence,12/09/2024,2025-09-12,11336.44,XOF,resilie
10681,33.0,sante,En ligne,07/02/2024,06/02/2025,8611.35,XOF,resilie
10682,411.0,Habitation  ,Partenaire,2024-03-04,2024-08-31,3413.43,XOF,resilie
10683,61.0,Habitation  ,Courtier,2024-08-24,20/02/2025,4618.11,XOF,Actif
10684,705.0,sante,Agence,24/11/2023,2025-11-23,7667.05,XOF,resilie
10685,672.0,Auto,Agence,2023-02-04,04/02/2024,3258.22,XOF,Suspendu  
10686,510.0,sante,Courtier,19/04/2024,19/04/2026,8574.08,EUR,resilie
10687,581.0,Habitation,En ligne,07/06/2025,2027-06-07,5323.24,XOF,Actif
10688,343.0,sante,En ligne,2023-06-01,2023-11-28,4977.03,XOF,Actif
10689,10.0,Auto,Agence  ,08/10/2024,2025-10-08,8565.35,XOF,Résilié
10690,341.0,AUTO,AGENCE,2024-11-27,27/11/2026,7496.05,XOF,Résilié
10691,41.0,sante,Agence,10/04/2024,10/04/2026,-5011.63,XOF,Résilié
10692,604.0,AUTO,AGENCE,2024-10-04,02/04/2025,10717.84,EUR,Suspendu
10693,229.0,Habitation  ,en ligne,05/04/2024,05/04/2025,3496.33,XOF,resilie
10694,544.0,Auto,Partenaire,2023-08-23,2024-02-19,8167.91,XOF,Suspendu
10695,281.0,Habitat,en ligne,02/07/2024,2026-07-02,8075.18,EUR,Actif
10696,595.0,sante,AGENCE,07/08/2023,2025-08-06,5142.15,XOF,Actif  
10697,206.0,Habitation,Partenaire,2023-01-15,2025-01-14,7066.12,EUR,Actif
10698,265.0,Habitation,Partenaire  ,2023-06-23,2025-06-22,3211.34,XOF,resilie
10699,296.0,Auto,Agence,2023-11-13,2025-11-12,9528.22,XOF,Actif
10700,277.0,AUTO,Partenaire,2023-07-03,30/12/2023,5472.82,EUR,Actif
10701,285.0,sante,Courtier,15/03/2025,2025-09-11,4622.26,XOF,actif
10702,636.0,Habitation,agence,2025-04-03,30/09/2025,10142.65,XOF,Actif
10703,647.0,sante,Agence,26/12/2023,2024-06-23,4221.0,XOF,Suspendu
10704,636.0,Habitat,Partenaire,14/10/2024,14/10/2025,2968.37,XOF,resilie
10705,378.0,AUTO,En ligne,2023-07-23,19/01/2024,2756.41,XOF,Suspendu
10706,426.0,Auto,AGENCE,2025-02-06,2025-08-05,8127.47,XOF,Suspendu
10707,567.0,Auto,en ligne,18/07/2024,2026-07-18,3164.61,XOF,Actif
10708,436.0,Habitat,Courtier,28/10/2023,25/04/2024,14434.8,XOF,Actif
10709,288.0,sante,En ligne,15/12/2023,14/12/2024,2119.71,XOF,Résilié  
10710,292.0,AUTO,AGENCE,2023-12-02,30/05/2024,14019.83,XOF,Actif
10711,271.0,Habitation,AGENCE,2025-02-25,2026-02-25,6670.89,XOF,Actif
10712,319.0,AUTO,en ligne,11/05/2025,11/05/2027,5719.54,XOF,resilie
10713,414.0,Santé,En ligne,2025-02-09,2025-08-08,4571.24,XOF,Suspendu  
10714,603.0,Santé,Partenaire,2023-01-05,04/07/2023,7328.81,EUR,Actif
10715,575.0,Habitat,AGENCE,2025-07-05,2026-01-01,5891.01,XOF,Actif
10716,,AUTO,En ligne,2023-06-23,22/06/2025,10421.76,XOF,Suspendu
10717,61.0,Santé,En ligne,2024-03-16,12/09/2024,6355.74,EUR,Actif
10718,422.0,Auto,en ligne  ,21/07/2025,21/07/2027,6471.42,XOF,Actif
10719,510.0,Santé,en ligne,2023-01-02,2023-07-01,5005.01,EUR,Résilié
10720,595.0,Habitation,Courtier,2023-05-03,2025-05-02,5834.4,XOF,Actif
10721,,Habitation,en ligne,2023-08-12,2024-08-11,7001.65,XOF,Résilié
10722,350.0,Auto,En ligne,31/07/2023,30/07/2024,2552.72,XOF,Actif
10723,532.0,Habitat,Courtier,2024-11-27,27/11/2025,3059.2,EUR,resilie
10724,682.0,Santé,Partenaire,2025-05-28,28/05/2027,-8704.82,XOF,Suspendu
10725,475.0,Santé,Courtier,12/06/2023,2023-12-09,6538.3,XOF,resilie
10726,145.0,sante,AGENCE,2023-10-18,17/10/2024,5475.33,XOF,Suspendu
10727,660.0,sante,Partenaire,18/08/2023,2024-08-17,6058.5,XOF,resilie
10728,449.0,sante,Courtier,2025-07-15,2026-01-11,7142.31,XOF,Actif  
10729,380.0,AUTO,En ligne,18/06/2024,2025-06-18,4583.05,XOF,Actif
10730,110.0,habitat,AGENCE,2023-09-05,04/09/2024,4067.76,XOF,Actif
10731,4.0,sante,AGENCE,02/06/2023,2023-11-29,6620.48,XOF,resilie
10732,192.0,Santé,en ligne,22/04/2023,2025-04-21,3680.54,XOF,resilie
10733,686.0,AUTO,Courtier,2025-05-12,12/05/2027,7362.29,XOF,Actif
10734,345.0,Habitation,Partenaire,2024-01-01,2024-12-31,2562.42,XOF,Résilié
10735,141.0,AUTO,en ligne,2023-08-25,2024-08-24,10042.46,XOF,Actif
10736,562.0,Habitation,En ligne,2024-03-27,2026-03-27,7603.0,XOF,Actif
10737,602.0,sante,Courtier,2024-02-23,21/08/2024,6822.73,XOF,resilie
10738,627.0,Habitat,Courtier,2023-05-02,29/10/2023,9811.84,XOF,Résilié
10739,555.0,Habitation,partenaire,21/06/2023,2025-06-20,13804.32,XOF,suspendu
10740,597.0,Santé,En ligne,23/08/2023,2025-08-22,9968.5,XOF,Actif
10741,100.0,Habitation,Courtier,2024-10-04,2026-10-04,2391.23,XOF,resilie
10742,201.0,Auto,en ligne,27/04/2025,2025-10-24,3165.96,XOF,Actif
10743,33.0,Santé,en ligne,01/05/2023,2025-04-30,4392.22,XOF,Actif
10744,163.0,AUTO,Courtier,30/04/2024,2025-04-30,6081.74,XOF,Actif
10745,162.0,Habitation,en ligne,2023-08-05,01/02/2024,7776.25,XOF,Suspendu
10746,569.0,AUTO,AGENCE,2025-06-24,24/06/2027,4176.08,XOF,Suspendu
10747,626.0,Habitation,en ligne,2025-05-06,2026-05-06,6590.49,XOF,Actif
10748,385.0,Auto,en ligne,2025-03-02,2027-03-02,4114.65,EUR,Actif
10749,718.0,AUTO,en ligne,2024-06-30,2024-12-27,4421.53,EUR,Suspendu
10750,552.0,AUTO,AGENCE,2025-06-15,2025-12-12,2971.05,XOF,Actif
10751,86.0,AUTO,Courtier,2023-12-14,2025-12-13,3783.42,XOF,Actif
10752,211.0,sante,Agence,24/05/2023,2023-11-20,3053.85,XOF,Résilié
10753,330.0,Auto,Agence,2024-04-16,2024-10-13,3685.14,XOF,Actif
10754,169.0,sante,Agence,14/02/2025,14/02/2027,10166.17,XOF,Actif
10755,646.0,Santé,En ligne,05/02/2025,2027-02-05,3734.24,XOF,resilie
10756,517.0,AUTO,Courtier,23/10/2024,23/10/2025,22386.0,XOF,Actif
10757,79.0,Auto,En ligne,04/06/2023,01/12/2023,7682.18,XOF,Résilié
10758,446.0,Habitat,En ligne,2024-04-23,20/10/2024,6584.13,XOF,Résilié
10759,350.0,sante,AGENCE,2023-04-01,2024-03-31,3908.16,XOF,Résilié
10760,276.0,Santé,En ligne,2024-06-07,04/12/2024,8519.86,XOF,Actif
10761,566.0,Habitation,Partenaire,01/01/2025,30/06/2025,4501.57,EUR,Actif
10762,18.0,Santé,Agence,2025-03-01,01/03/2027,6380.52,XOF,Actif  
10763,542.0,Santé,en ligne,2023-05-08,07/05/2025,21591.23,XOF,Actif
10764,255.0,AUTO,en ligne,2024-06-12,09/12/2024,5721.41,EUR,resilie  
10765,159.0,Habitat,En ligne,2024-11-20,19/05/2025,10664.08,XOF,resilie
10766,163.0,Habitat,en ligne,22/01/2023,2023-07-21,4223.47,EUR,resilie
10767,258.0,Habitat,Partenaire,2023-03-26,25/03/2024,5898.81,XOF,Suspendu
10768,383.0,Habitation,en ligne  ,14/02/2025,14/02/2026,14550.79,XOF,Actif
10769,192.0,sante,En ligne,28/10/2023,25/04/2024,4387.51,XOF,resilie
10770,526.0,Santé,Courtier,2024-08-12,12/08/2026,14856.97,XOF,Actif
10771,138.0,Auto,En ligne,2024-04-21,21/04/2026,8551.62,XOF,resilie
10772,222.0,Santé,en ligne,2023-08-02,01/08/2024,4531.31,XOF,Résilié
10773,145.0,sante,AGENCE,05/04/2025,2025-10-02,8235.45,XOF,Actif
10774,622.0,sante,Courtier  ,2023-07-23,19/01/2024,9762.24,XOF,resilie
10775,232.0,Auto,AGENCE,10/02/2023,10/02/2024,8191.93,XOF,resilie
10776,98.0,AUTO,Agence  ,2024-04-17,2026-04-17,2737.74,EUR,Résilié
10777,28.0,Auto,AGENCE,2025-04-10,2025-10-07,4173.17,XOF,Actif
10778,387.0,AUTO,Agence,08/12/2023,2024-12-07,5304.13,EUR,Actif
10779,697.0,Habitation,agence,2023-08-07,06/08/2024,5783.61,XOF,Résilié
10780,127.0,Habitation,Courtier,10/06/2025,10/06/2027,8187.27,XOF,Actif
10781,28.0,Habitat,Courtier,2024-08-23,2025-02-19,6560.69,EUR,Actif
10782,463.0,Santé,Agence  ,09/10/2023,2024-10-08,3078.9,XOF,Suspendu
10783,418.0,Santé,Courtier,21/08/2025,21/08/2027,7259.74,XOF,Actif
10784,48.0,sante,Agence,2024-06-15,2026-06-15,8146.09,XOF,Actif
10785,57.0,AUTO,Agence,2024-06-16,13/12/2024,7941.8,XOF,Suspendu
10786,467.0,Habitation,En ligne,16/03/2023,15/03/2024,10305.06,XOF,Actif
10787,441.0,sante,en ligne,05/06/2024,05/06/2026,9108.48,XOF,Suspendu
10788,660.0,Santé,en ligne,2025-07-13,2026-01-09,7552.17,XOF,Résilié
10789,568.0,Habitation,Partenaire,2023-01-06,05/01/2025,5795.96,EUR,Actif
10790,240.0,Santé,Partenaire,2024-10-22,2025-10-22,2616.31,XOF,Actif
10791,579.0,Habitation,Agence,17/08/2024,17/08/2026,7441.36,XOF,Actif
10792,170.0,sante,en ligne,17/02/2024,16/02/2026,6659.79,EUR,Résilié
10793,535.0,AUTO,Courtier,2023-10-30,27/04/2024,6875.98,XOF,Résilié
10794,302.0,Habitation,Courtier,2023-01-22,2025-01-21,3170.44,XOF,Résilié
10795,229.0,Auto,Partenaire  ,2023-10-29,26/04/2024,3496.34,EUR,Suspendu
10796,656.0,Habitation,en ligne,2023-05-01,30/04/2024,10163.69,EUR,Actif
10797,234.0,AUTO,En ligne,2024-06-16,2026-06-16,5885.36,XOF,Actif
10798,575.0,sante,en ligne,2025-02-14,2025-08-13,8440.11,XOF,Actif
10799,580.0,Habitation,Partenaire,16/09/2024,2025-09-16,6088.51,XOF,Actif
10800,273.0,sante,en ligne,2023-04-06,2025-04-05,-6092.89,EUR,Résilié
10801,494.0,Habitation,Courtier,08/04/2025,08/04/2026,9596.39,XOF,resilie
10802,124.0,habitation,AGENCE  ,15/09/2023,13/03/2024,4637.72,XOF,Suspendu
10803,42.0,Auto,Agence,25/05/2025,21/11/2025,6298.46,XOF,Suspendu  
10804,399.0,Auto,Agence,2023-03-06,02/09/2023,4764.09,XOF,Suspendu
10805,27.0,Habitat,En ligne,2023-02-19,18/08/2023,4830.73,EUR,Résilié
10806,75.0,Habitation,en ligne,2025-05-28,28/05/2027,5143.11,XOF,Actif
10807,643.0,Santé,Agence,28/05/2023,24/11/2023,6708.07,XOF,Actif
10808,289.0,Habitation,en ligne,05/02/2024,03/08/2024,4725.01,XOF,resilie
10809,611.0,Habitat,Partenaire,21/05/2023,20/05/2024,11247.24,XOF,résilié
10810,165.0,AUTO,en ligne,01/08/2024,2026-08-01,3837.96,XOF,Actif
10811,204.0,Santé,En ligne,2023-07-27,2024-07-26,5467.43,XOF,Actif
10812,,Habitation,en ligne,2023-04-22,2024-04-21,4818.1,XOF,Suspendu
10813,1.0,AUTO,en ligne,24/01/2024,2024-07-22,12375.69,XOF,Suspendu
10814,560.0,sante,Agence,10/08/2024,10/08/2025,6622.83,EUR,Actif
10815,51.0,sante,En ligne,2025-01-13,2025-07-12,10055.98,XOF,Actif
10816,292.0,Auto,Partenaire  ,24/02/2023,2023-08-23,2856.12,EUR,Actif
10817,475.0,Habitation,en ligne,2025-01-28,28/01/2026,6860.43,XOF,Actif
10818,604.0,auto,Partenaire,2024-07-03,30/12/2024,9365.76,XOF,resilie
10819,504.0,Habitation,AGENCE,2025-03-14,2027-03-14,6255.03,EUR,Actif
10820,182.0,Habitation,AGENCE,10/07/2024,2026-07-10,10226.53,XOF,Suspendu  
10821,720.0,Auto,Partenaire,25/08/2024,2026-08-25,4634.83,EUR,Suspendu
10822,509.0,Auto,Partenaire,2023-08-30,2024-08-29,12145.01,XOF,Actif
10823,176.0,Auto,Partenaire,04/07/2023,2023-12-31,18947.91,XOF,Actif
10824,553.0,Habitat,Agence,2024-04-03,2024-09-30,5006.94,XOF,suspendu
10825,143.0,Auto,AGENCE,02/12/2023,2025-12-01,4804.21,EUR,Suspendu
10826,624.0,Auto,En ligne,2024-07-08,2025-07-08,12415.39,XOF,Actif
10827,556.0,Habitat,Courtier,19/03/2024,19/03/2026,13223.97,XOF,Résilié
10828,625.0,Santé,Partenaire,08/06/2024,2026-06-08,4621.94,XOF,resilie
10829,452.0,sante,Partenaire,04/04/2023,03/04/2024,4865.41,XOF,Actif
10830,673.0,Auto,AGENCE,2023-07-11,07/01/2024,5214.03,EUR,Actif
10831,545.0,sante,AGENCE,19/05/2024,2025-05-19,3064.91,XOF,Résilié
10832,133.0,Auto  ,en ligne,24/11/2023,2025-11-23,3792.1,XOF,Suspendu
10833,191.0,Santé  ,Agence,29/11/2024,29/11/2026,3633.42,XOF,Actif
10834,635.0,Habitat,agence,2023-12-06,05/12/2025,4089.19,EUR,Résilié
10835,181.0,Habitation,AGENCE,08/03/2025,08/03/2027,5899.7,XOF,Actif
10836,201.0,Habitat,Courtier,24/05/2023,23/05/2024,6748.71,XOF,Actif
10837,228.0,Santé,Agence,06/06/2025,2025-12-03,13033.14,XOF,Actif
10838,346.0,auto,Courtier  ,09/01/2025,2026-01-09,3643.95,XOF,Actif
10839,228.0,AUTO,Agence,18/12/2023,17/12/2025,9819.85,XOF,Actif
10840,662.0,AUTO,En ligne,2024-05-16,16/05/2026,5393.8,XOF,Suspendu  
10841,697.0,Habitat,AGENCE  ,2023-10-22,2024-10-21,5856.27,XOF,Actif
10842,116.0,AUTO,en ligne,24/07/2025,2026-07-24,8411.96,EUR,actif
10843,39.0,Santé,En ligne,30/03/2023,2024-03-29,3424.25,XOF,Suspendu
10844,336.0,AUTO,Courtier,27/07/2023,23/01/2024,7267.77,XOF,resilie
10845,538.0,Auto,Agence,10/04/2023,2023-10-07,6523.89,EUR,Suspendu
10846,659.0,Santé,Courtier,01/04/2025,28/09/2025,7678.85,XOF,Actif
10847,125.0,Habitat,Courtier,13/12/2024,2026-12-13,6936.72,EUR,Résilié
10848,133.0,Habitation,En ligne,29/08/2023,28/08/2025,20489.14,XOF,Suspendu
10849,333.0,Santé,En ligne,2025-06-03,2027-06-03,4363.94,EUR,Suspendu
10850,346.0,Habitat,AGENCE,06/06/2024,06/06/2025,4603.17,XOF,Résilié
10851,325.0,Santé,AGENCE,2025-03-17,2027-03-17,4395.91,XOF,actif
10852,439.0,Auto,Courtier,07/12/2023,04/06/2024,4547.18,XOF,Actif
10853,601.0,Auto,En ligne,24/10/2024,2025-04-22,4364.71,XOF,Actif  
10854,332.0,Habitat,partenaire,2023-12-15,2024-12-14,10878.12,XOF,Résilié
10855,292.0,Habitat,Partenaire,2025-05-21,21/05/2027,12212.95,EUR,Suspendu
10856,707.0,sante,en ligne,17/08/2025,13/02/2026,4512.59,EUR,Suspendu  
10857,7.0,Auto,AGENCE,2023-05-13,2024-05-12,3959.3,XOF,Actif
10858,109.0,AUTO,Courtier  ,2025-01-24,23/07/2025,7598.51,XOF,Actif
10859,61.0,sante  ,en ligne,22/01/2024,2026-01-21,4554.58,XOF,Actif
10860,567.0,sante,Partenaire,2024-04-19,19/04/2025,8237.61,XOF,Résilié  
10861,186.0,Habitat,en ligne,10/07/2025,10/07/2026,6643.95,EUR,Suspendu
10862,159.0,Auto,AGENCE,02/06/2025,02/06/2027,2813.34,XOF,Actif
10863,568.0,Habitation,en ligne,04/09/2023,2025-09-03,13013.63,XOF,Suspendu
10864,180.0,Habitat,en ligne,2023-03-06,2024-03-05,14734.38,XOF,Actif
10865,30.0,AUTO,agence,2023-11-30,28/05/2024,4418.72,XOF,Actif
10866,104.0,Auto,en ligne,20/01/2025,2026-01-20,4945.08,XOF,resilie
10867,148.0,Habitation,AGENCE,2023-08-31,27/02/2024,6925.27,XOF,resilie
10868,316.0,sante,en ligne,01/10/2023,2024-09-30,7095.59,XOF,Suspendu
10869,403.0,Santé,agence,24/10/2023,2024-04-21,8343.78,XOF,Résilié
10870,458.0,Habitation,Partenaire,2024-09-10,2026-09-10,16401.08,EUR,Actif
10871,253.0,Habitat,Agence,2024-11-13,13/11/2026,5494.63,EUR,Résilié
10872,335.0,Habitat,Agence,2023-05-22,21/05/2025,4027.3,XOF,Actif
10873,56.0,Santé,AGENCE,15/07/2024,11/01/2025,3011.94,XOF,Actif
10874,519.0,Habitat,en ligne,03/06/2025,03/06/2027,4165.26,EUR,Actif
10875,653.0,Santé,En ligne,2024-07-01,01/07/2025,5904.3,XOF,Actif
10876,587.0,Santé,Courtier,2025-05-25,2027-05-25,14724.66,XOF,Actif
10877,153.0,Habitat,En ligne,2024-10-20,2026-10-20,4634.09,XOF,resilie
10878,490.0,Habitation,Agence,11/10/2023,10/10/2025,6713.62,XOF,Actif
10879,704.0,Habitation,Partenaire,2024-08-30,2025-08-30,5953.82,XOF,Résilié
10880,119.0,sante,Partenaire,01/08/2023,2024-01-28,10874.73,XOF,resilie
10881,621.0,sante,Agence,2025-02-28,2027-02-28,21236.28,XOF,Actif
10882,633.0,Habitat,en ligne,08/01/2025,2025-07-07,4603.47,EUR,Actif
10883,638.0,Habitation,Partenaire,03/02/2025,03/02/2027,4699.82,XOF,Actif
10884,14.0,Santé,AGENCE,2024-11-07,2025-05-06,10118.09,EUR,resilie
10885,289.0,AUTO,en ligne,30/06/2023,2023-12-27,8441.76,XOF,Actif
10886,9.0,Santé,Partenaire,2024-08-13,2026-08-13,15113.65,XOF,Actif
10887,606.0,Auto,en ligne,2023-07-18,2025-07-17,8038.23,XOF,Actif
10888,583.0,Auto,Agence,2024-09-02,02/09/2025,5015.83,XOF,resilie
10889,283.0,Santé,Partenaire,15/07/2023,2024-07-14,8065.31,XOF,Résilié
10890,28.0,sante,Agence,23/09/2023,2024-03-21,10449.94,XOF,Actif
10891,166.0,AUTO,AGENCE,2024-05-05,01/11/2024,9047.48,EUR,Actif
10892,88.0,Habitation,En ligne,2024-03-17,17/03/2025,7735.98,XOF,Suspendu
10893,163.0,Santé,Agence,2025-04-27,2027-04-27,10232.63,XOF,Actif  
10894,631.0,Habitat,Partenaire,07/01/2024,06/01/2025,10771.38,EUR,Résilié
10895,316.0,Santé,En ligne,29/09/2024,28/03/2025,11981.03,XOF,Suspendu
10896,253.0,Santé,Partenaire,15/09/2023,2024-09-14,8302.86,XOF,Actif
10897,569.0,Habitat,partenaire,2023-03-02,2023-08-29,5521.7,XOF,Actif
10898,283.0,Auto,AGENCE,2025-02-20,2025-08-19,6459.82,EUR,Actif
10899,687.0,Habitat,Agence,11/01/2024,2025-01-10,10973.67,XOF,Actif
10900,201.0,Auto,Partenaire  ,2024-06-04,01/12/2024,3989.94,EUR,Suspendu
10257,455.0,AUTO,En ligne,26/04/2023,2025-04-25,11310.15,XOF,Actif  
10539,58.0,Habitation,Agence,2024-12-22,2025-06-20,9928.32,XOF,resilie
10260,321.0,AUTO,Agence,2024-06-07,07/06/2026,8842.43,XOF,Actif
10486,354.0,Habitation,Partenaire,2023-04-10,2025-04-09,2947.97,XOF,Résilié
10454,106.0,Habitat,Partenaire,01/04/2023,31/03/2025,7723.5,XOF,Actif
10842,116.0,AUTO,en ligne,24/07/2025,2026-07-24,8411.96,EUR,Actif
10863,568.0,Habitation,en ligne,04/09/2023,2025-09-03,13013.63,XOF,Suspendu
10892,88.0,Habitation,En ligne,2024-03-17,17/03/2025,7735.98,XOF,Suspendu
10061,631.0,santé,en ligne,2024-04-16,16/04/2025,4724.01,XOF,Actif
10064,450.0,sante,Agence,03/11/2024,2025-11-03,3300.72,XOF,Actif
